name,genre,tomatometer_score,tomatometer_count,audience_score,audience_count,classification,runtime,release_year,original_language
A Castle for Christmas,Holiday,0.74,23.0,0.4,100.0,Not Rated,98.0,2021,English
Pinocchio,Kids & family,1.0,61.0,0.73,250000.0,G,87.0,1940,English
The Informer,Mystery & thriller,0.64,58.0,0.6,250.0,R,113.0,2019,English
They Cloned Tyrone,Sci-fi,0.95,129.0,1.0,25.0,R,122.0,2023,English
1917,War,0.89,472.0,0.88,25000.0,R,119.0,2019,English
Forever My Girl,Romance,0.24,54.0,0.79,1000.0,PG,108.0,2018,English
Silent Night,Horror,0.66,119.0,0.47,250.0,Not Rated,92.0,2021,English (United Kingdom)
Titanic,History,0.88,254.0,0.69,250000.0,PG-13,195.0,1997,English
The Beasts,Drama,0.98,62.0,0.88,50.0,Not Rated,138.0,2022,French (France)
The Post,History,0.88,408.0,0.73,10000.0,PG-13,115.0,2017,English
The Equalizer 3,Action,0.76,161.0,0.94,2500.0,R,109.0,2023,English
The Rescue,Documentary,0.96,103.0,0.99,50.0,PG,107.0,2021,English
The Flash,Action,0.63,385.0,0.83,5000.0,PG-13,144.0,2023,English
Tokyo Godfathers,Comedy,0.92,76.0,0.91,10000.0,PG-13,90.0,2003,Japanese
Kelce,Biography,0.4,5.0,0.99,100.0,Not Rated,102.0,2023,English
Buried: The 1982 Alpine Meadows Avalanche,Documentary,1.0,10.0,0.96,100.0,Not Rated,96.0,2021,English
E.T. the Extra-Terrestrial,Kids & family,0.99,145.0,0.72,250000.0,PG,115.0,1982,English
"To Me, the One Who Loved You",Anime,,2.0,1.0,25.0,Not Rated,99.0,2022,Japanese
Last Night in Soho,Mystery & thriller,0.75,351.0,0.9,500.0,R,117.0,2021,English (United Kingdom)
Werewolf by Night,Fantasy,0.89,114.0,0.89,2500.0,Not Rated,54.0,2022,English
Taylor Swift: Miss Americana,Documentary,0.91,97.0,0.91,2500.0,Not Rated,86.0,2020,English
The Equalizer 2,Action,0.52,212.0,0.61,5000.0,R,121.0,2018,English
You Should Have Left,Horror,0.4,113.0,0.26,250.0,R,93.0,2020,English
Gran Turismo: Based on a True Story,Action,0.65,224.0,0.98,1000.0,PG-13,135.0,2023,English
Star Wars: Episode III - Revenge of the Sith,Sci-fi,0.79,305.0,0.66,250000.0,PG-13,140.0,2005,English
Puss in Boots,Kids & family,0.86,154.0,0.68,50000.0,PG,90.0,2011,English
The Menu,Horror,0.88,327.0,0.76,1000.0,R,107.0,2022,English
Amsterdam,Comedy,0.32,257.0,0.62,500.0,R,134.0,2022,English
The Haunting Lodge,Horror,,50.0,0.98,,Not Rated,67.0,2023,English
How to Train Your Dragon 2,Kids & family,0.92,188.0,0.9,100000.0,PG,102.0,2014,English
Flora and Son,Musical,0.93,151.0,0.85,100.0,R,94.0,2023,English
It's a Wonderful Life,Holiday,0.94,93.0,0.95,100000.0,PG,129.0,1946,English
The Muppet Christmas Carol,Kids & family,0.77,56.0,0.86,100000.0,G,85.0,1992,English
Slow West,Western,0.92,137.0,0.74,10000.0,R,91.0,2015,English
Ghostbusters: Afterlife,Comedy,0.64,310.0,0.94,5000.0,PG-13,124.0,2021,English
The Lion King,Kids & family,0.52,437.0,0.88,50000.0,PG,118.0,2019,English
Fair Play,Drama,0.86,225.0,0.52,500.0,R,113.0,2023,English
White Men Can't Jump,Comedy,0.26,88.0,0.6,500.0,R,101.0,2023,English
Kubo and the Two Strings,Kids & family,0.97,228.0,0.86,25000.0,PG,102.0,2016,English
Perfect Addiction,Drama,,3.0,0.65,50.0,R,107.0,2023,English
World Debut: From Outsiders to the Olympics,Documentary,,,,,Not Rated,,2021,English
The Martian,Sci-fi,0.91,387.0,0.91,100000.0,PG-13,142.0,2015,English
Good Burger 2,Comedy,0.67,6.0,0.74,100.0,Not Rated,106.0,2023,English
Dawn of the Planet of the Apes,Sci-fi,0.91,319.0,0.88,100000.0,PG-13,130.0,2014,English
Home Alone,Kids & family,0.66,62.0,0.8,250000.0,PG,102.0,1990,English
Edward Scissorhands,Holiday,0.89,66.0,0.91,250000.0,PG-13,105.0,1990,English
Facing Monsters,Documentary,,4.0,0.86,25.0,Not Rated,94.0,2021,English (Australia)
Chick Fight,Comedy,0.38,29.0,0.2,100.0,R,97.0,2020,English
On-Gaku: Our Sound,Comedy,1.0,13.0,0.8,25.0,Not Rated,71.0,2019,Japanese
Sly,Documentary,0.78,46.0,0.88,50.0,R,95.0,2023,English
Cuties,Comedy,0.87,82.0,0.14,2500.0,Not Rated,96.0,2020,French (France)
Terrifier,Holiday,0.55,22.0,0.53,1000.0,Not Rated,85.0,2016,English
Slumberland,Kids & family,0.4,43.0,0.86,1000.0,PG,117.0,2022,English
Deadwood: The Movie,Western,0.98,89.0,0.83,100.0,TVMA,109.0,2019,English
Ocean's 8,Comedy,0.68,365.0,0.47,10000.0,PG-13,110.0,2018,English
Hyena Road,War,0.57,23.0,0.59,1000.0,R,120.0,2015,English
Die Hard,Action,0.94,87.0,0.94,250000.0,R,131.0,1988,English
Nina,Biography,0.02,41.0,0.24,250.0,Not Rated,90.0,2016,English
How to Train Your Dragon: The Hidden World,Kids & family,0.9,275.0,0.87,50000.0,PG,104.0,2019,English
Moonage Daydream,Documentary,0.92,163.0,0.75,500.0,PG-13,134.0,2022,English
Murder on the Orient Express,Mystery & thriller,0.6,301.0,0.54,25000.0,PG-13,114.0,2017,English
Dunkirk,War,0.92,473.0,0.81,50000.0,PG-13,107.0,2017,English
Heart of Stone,Action,0.3,136.0,0.51,1000.0,PG-13,122.0,2023,English
Isle of Dogs,Comedy,0.9,371.0,0.87,5000.0,PG-13,101.0,2018,English
The Road to El Dorado,Kids & family,0.49,106.0,0.66,50000.0,PG,89.0,2000,English
Suitable Flesh,Horror,0.85,66.0,0.6,50.0,Not Rated,99.0,2023,English
Haunting of the Queen Mary,Horror,0.62,13.0,0.64,100.0,Not Rated,114.0,2023,English
Sausage Party,Comedy,0.82,239.0,0.5,50000.0,R,89.0,2016,English
"Tick, Tick... Boom!",Musical,0.88,222.0,0.96,50.0,PG-13,115.0,2021,English
Halloween Kills,Holiday,0.39,278.0,0.66,2500.0,R,105.0,2021,English
My Neighbor Totoro,Fantasy,0.93,59.0,0.94,50000.0,G,87.0,1988,Japanese
The Subtle Art of Not Giving a #@%!,Documentary,0.71,7.0,0.4,50.0,R,97.0,2023,English
The Wrecking Crew,Documentary,0.95,74.0,0.84,5000.0,PG,102.0,2008,English
The Ridiculous 6,Comedy,0.0,37.0,0.35,2500.0,TV14,119.0,2015,English
Smile,Horror,0.79,192.0,0.77,2500.0,R,116.0,2022,English
Bone Tomahawk,Western,0.91,102.0,0.74,10000.0,Not Rated,132.0,2015,English
Christine,Biography,0.88,130.0,0.71,5000.0,R,119.0,2016,English
Pocahontas,Kids & family,0.54,57.0,0.64,250000.0,G,87.0,1995,English
CODA,Drama,0.94,297.0,0.91,1000.0,PG-13,111.0,2021,English
Sisu,Action,0.94,179.0,0.88,500.0,R,91.0,2022,Finnish
Judy,Biography,0.82,351.0,0.85,5000.0,PG-13,118.0,2019,English
The Notebook,Romance,0.54,182.0,0.85,250000.0,PG-13,124.0,2004,English
Avatar,Sci-fi,0.81,335.0,0.82,250000.0,PG-13,155.0,2009,English
9,Adventure,0.57,185.0,0.56,250000.0,PG-13,79.0,2009,English
Five Nights at Freddy's,Horror,0.31,199.0,0.87,2500.0,PG-13,110.0,2023,English
Insidious: The Red Door,Horror,0.37,115.0,0.7,1000.0,PG-13,107.0,2023,English
Black Panther,Action,0.96,531.0,0.79,50000.0,PG-13,134.0,2018,English
Anna and the Apocalypse,Holiday,0.77,128.0,0.63,1000.0,R,92.0,2017,English
Guillermo del Toro's Pinocchio,Musical,0.96,292.0,0.9,2500.0,PG,117.0,2022,English
Reality,Drama,0.93,92.0,0.66,250.0,Not Rated,83.0,2023,English
Willy Wonka and the Chocolate Factory,Kids & family,0.91,56.0,0.87,250000.0,G,98.0,1971,English
"Are You There God? It's Me, Margaret.",Comedy,0.99,212.0,0.95,250.0,PG-13,105.0,2023,English
Burnt,Drama,0.28,161.0,0.45,10000.0,R,100.0,2015,English
Resurgence,Documentary,,,,,Not Rated,112.0,2021,English
"The Chronicles of Narnia: The Lion, the Witch and the Wardrobe",Kids & family,0.75,217.0,0.61,250000.0,PG,140.0,2005,English
The Princess Switch,Holiday,0.67,15.0,0.51,500.0,TVPG,101.0,2018,English
Disney's A Christmas Carol,Kids & family,0.52,201.0,0.58,250000.0,PG,95.0,2009,English
Harry Potter and the Deathly Hallows: Part 2,Fantasy,0.96,332.0,0.89,250000.0,PG-13,131.0,2011,English
Luckiest Girl Alive,Crime,0.44,57.0,0.72,1000.0,R,113.0,2022,English
Mirai,Kids & family,0.91,85.0,0.79,500.0,PG,98.0,2018,Japanese
Malignant,Horror,0.76,178.0,0.52,500.0,R,111.0,2021,English
West Side Story,Musical,0.92,389.0,0.93,2500.0,PG-13,156.0,2021,English
Batman v Superman: Dawn of Justice,Action,0.29,439.0,0.63,100000.0,PG-13,153.0,2016,English
Kandahar,Action,0.45,102.0,0.82,250.0,R,119.0,2023,English
Mobile Suit Gundam: Cucuruz Doan's Island,Action,1.0,6.0,1.0,50.0,Not Rated,109.0,2022,Japanese
Weird: The Al Yankovic Story,Biography,0.84,158.0,0.8,1000.0,Not Rated,108.0,2022,English
Memories for Life: Reversing Alzheimer's,Documentary,,,,,Not Rated,85.0,2023,English
Gone With the Wind,Romance,0.9,103.0,0.92,250000.0,G,222.0,1939,English
Miracle on 34th Street,Kids & family,0.6,35.0,0.62,50000.0,PG,114.0,1994,English
Cautionary Tale,Comedy,,1.0,,25.0,Not Rated,87.0,2023,English
Spiderhead,Sci-fi,0.39,156.0,0.3,1000.0,R,107.0,2022,English
The Outfit,Mystery & thriller,0.85,172.0,0.92,250.0,R,105.0,2022,English
I Still Believe,Biography,0.49,49.0,0.98,1000.0,PG,115.0,2020,English
Liberty,Mystery & thriller,,1.0,,,Not Rated,108.0,2022,English
The Hating Game,Romance,0.7,27.0,0.77,500.0,R,102.0,2021,English
Shrek,Kids & family,0.88,211.0,0.9,250000.0,PG,89.0,2001,English
Spider-Man: Homecoming,Action,0.92,400.0,0.87,100000.0,PG-13,133.0,2017,English
Despicable Me 3,Kids & family,0.59,198.0,0.53,50000.0,PG,90.0,2017,English
Desperation Road,Action,0.64,14.0,0.85,50.0,R,112.0,2023,English
All That Breathes,Documentary,0.99,87.0,0.83,100.0,Not Rated,91.0,2022,Hindi
Four Christmases,Holiday,0.25,145.0,0.47,250000.0,PG-13,88.0,2008,English
13 Going on 30,Romance,0.64,177.0,0.71,250000.0,PG-13,97.0,2004,English
Wrinkles the Clown,Documentary,0.71,35.0,0.38,50.0,Not Rated,78.0,2019,English
"Planes, Trains and Automobiles",Holiday,0.92,66.0,0.87,100000.0,R,92.0,1987,English
JFK: What the Doctors Saw,Documentary,,4.0,0.86,25.0,Not Rated,92.0,2023,English
EXmas,Holiday,0.42,12.0,0.69,50.0,Not Rated,93.0,2023,English
Alaskan Nets,Documentary,0.86,7.0,0.94,25.0,Not Rated,117.0,2021,English
The Boss Baby,Kids & family,0.53,180.0,0.51,25000.0,PG,97.0,2017,English
The Hitman's Bodyguard,Action,0.43,228.0,0.67,25000.0,R,118.0,2017,English
The Prince of Egypt,Kids & family,0.79,92.0,0.89,100000.0,PG,97.0,1998,English
Carol,Romance,0.94,321.0,0.75,25000.0,R,118.0,2015,English
Nothing Compares,Documentary,0.99,88.0,0.88,50.0,Not Rated,97.0,2022,English (United Kingdom)
Andre the Giant,Documentary,0.92,24.0,0.91,100.0,Not Rated,85.0,2018,English
Beau Is Afraid,Adventure,0.67,260.0,0.71,250.0,R,179.0,2023,English
Groundhog Day,Romance,0.94,145.0,0.88,250000.0,PG,96.0,1993,English
Munich: The Edge of War,Biography,0.86,85.0,0.78,250.0,PG-13,123.0,2021,English
Captain Marvel,Action,0.79,553.0,0.45,100000.0,PG-13,124.0,2019,English
Focus,Comedy,0.56,228.0,0.53,10000.0,R,105.0,2015,English
I Want to Jump,Drama,,,,,Not Rated,74.0,2023,English
Cowboys & Aliens,Sci-fi,0.44,259.0,0.43,100000.0,PG-13,118.0,2011,English
Ghosts of the Void,Drama,1.0,6.0,0.69,25.0,Not Rated,91.0,2023,English
The Whale,Drama,0.64,342.0,0.91,1000.0,R,117.0,2022,English
Yellow Rose,Drama,0.87,55.0,0.76,100.0,PG-13,95.0,2019,English
Altered Carbon: Resleeved,Sci-fi,0.6,5.0,0.53,100.0,Not Rated,74.0,2020,Japanese
First Man,Biography,0.87,465.0,0.67,5000.0,PG-13,141.0,2018,English
Last Christmas,Holiday,0.46,213.0,0.81,5000.0,PG-13,102.0,2019,English
Upgrade,Sci-fi,0.88,195.0,0.87,5000.0,R,95.0,2018,English
American Sniper,War,0.72,303.0,0.84,100000.0,R,132.0,2014,English
Spirited Away,Fantasy,0.96,221.0,0.96,250000.0,PG,125.0,2001,Japanese
Mazinger Z: Infinity,Action,0.8,5.0,0.73,100.0,Not Rated,95.0,2017,Japanese
Hostile Territory,Western,,1.0,0.47,50.0,R,153.0,2022,English
The Offering,Horror,0.74,47.0,0.48,100.0,R,93.0,2022,English
A Christmas Karen,Holiday,,4.0,0.61,50.0,Not Rated,98.0,2022,English
Babylon,Comedy,0.57,358.0,0.52,1000.0,R,189.0,2022,English
Black Noise,Sci-fi,0.0,6.0,0.0,25.0,R,86.0,2023,English
To All the Boys I've Loved Before,Romance,0.96,70.0,0.85,5000.0,TV14,99.0,2018,English
Jonah Hex,Action,0.12,155.0,0.2,100000.0,PG-13,81.0,2010,English
Mortal Kombat,Action,0.55,299.0,0.86,5000.0,R,110.0,2021,English
Florence Foster Jenkins,Biography,0.88,237.0,0.68,10000.0,PG-13,110.0,2016,English
Megan Leavey,War,0.86,105.0,0.82,10000.0,PG-13,116.0,2017,English
Turning Red,Kids & family,0.95,287.0,0.68,5000.0,PG,100.0,2022,English
Fifty Shades Darker,Romance,0.11,209.0,0.47,25000.0,R,118.0,2017,English
Logan,Action,0.94,429.0,0.9,50000.0,R,137.0,2017,English
Spider-Man: No Way Home,Action,0.93,431.0,0.98,25000.0,PG-13,148.0,2021,English
Your Place or Mine,Romance,0.3,109.0,0.36,500.0,PG-13,109.0,2023,English
Triple Frontier,Action,0.7,141.0,0.58,2500.0,R,125.0,2019,English
Harriet,Biography,0.74,235.0,0.97,10000.0,PG-13,125.0,2019,English
The Talented Mr. Ripley,Crime,0.85,138.0,0.8,100000.0,R,139.0,1999,English
Tickled,Documentary,0.94,120.0,0.86,2500.0,R,92.0,2016,English
The Insurrectionist Next Door,Documentary,0.8,5.0,0.64,25.0,Not Rated,75.0,2023,English
Santa Claus,Kids & family,0.2,20.0,0.67,10000.0,PG,107.0,1985,English
12 Years a Slave,History,0.95,379.0,0.9,100000.0,R,134.0,2013,English
The Legend of Molly Johnson,Drama,0.8,61.0,0.67,50.0,Not Rated,109.0,2021,English (Australia)
The Devil All the Time,Crime,0.65,219.0,0.79,2500.0,R,138.0,2020,English
Up,Kids & family,0.98,297.0,0.9,250000.0,PG,96.0,2009,English
Penguin Highway,Adventure,1.0,24.0,0.76,100.0,Not Rated,118.0,2018,Japanese
"Three Billboards Outside Ebbing, Missouri",Crime,0.9,416.0,0.87,10000.0,R,115.0,2017,English
Office Christmas Party,Holiday,0.4,186.0,0.4,10000.0,R,105.0,2016,English
Home Sweet Home Alone,Kids & family,0.15,71.0,0.12,500.0,PG,93.0,2021,English
Fire of Love,Documentary,0.98,176.0,0.83,250.0,PG,93.0,2022,French (Canada)
Yu-Gi-Oh!: The Dark Side of Dimensions,Fantasy,0.4,5.0,0.75,250.0,PG,130.0,2016,Japanese
Your Christmas or Mine?,Holiday,0.63,8.0,0.73,50.0,Not Rated,95.0,2022,English (United Kingdom)
Buckin' Bulls: The Story of Ty Rinaldo,Biography,,0.0,1.0,,Not Rated,105.0,2021,English
The Dirt,Drama,0.37,75.0,0.94,5000.0,TVMA,108.0,2019,English
A Holiday I Do,Holiday,,3.0,,,Not Rated,93.0,2023,English
A Beautiful Day in the Neighborhood,Biography,0.95,381.0,0.92,10000.0,PG,107.0,2019,English
Fisherman's Friends: One and All,Comedy,0.38,21.0,0.81,50.0,PG-13,111.0,2022,English (United Kingdom)
Battle for Saipan,War,0.33,6.0,0.84,100.0,R,94.0,2022,English
Stronger,Biography,0.9,197.0,0.81,10000.0,R,119.0,2017,English
Spider-Man: Into the Spider-Verse,Kids & family,0.97,402.0,0.94,25000.0,PG,117.0,2018,English
Don't Look Up,Comedy,0.55,305.0,0.78,100.0,R,138.0,2021,English
Hell or High Water,Crime,0.97,290.0,0.88,25000.0,R,97.0,2016,English
Saw,Horror,0.5,193.0,0.84,250000.0,R,103.0,2004,English
Lansky,Crime,0.62,45.0,0.85,250.0,R,119.0,2021,English
The Woman Who Loves Giraffes,Documentary,1.0,34.0,1.0,25.0,Not Rated,83.0,2018,English
The Northman,Adventure,0.9,383.0,0.64,2500.0,R,137.0,2022,English
Beauty and the Beast,Kids & family,0.71,383.0,0.8,50000.0,PG,129.0,2017,English
13 Hours: The Secret Soldiers of Benghazi,War,0.51,225.0,0.82,25000.0,R,144.0,2016,English
The Last Full Measure,War,0.6,78.0,0.96,1000.0,R,116.0,2019,English
Daddy's Home 2,Holiday,0.21,130.0,0.51,10000.0,PG-13,98.0,2017,English
The Apology,Holiday,0.5,20.0,0.41,25.0,Not Rated,91.0,2022,English
Christmas Bloody Christmas,Holiday,0.77,47.0,0.43,100.0,Not Rated,87.0,2022,English
Reptile,Crime,0.44,82.0,0.7,1000.0,R,134.0,2023,English
The Promise,History,0.51,160.0,0.92,10000.0,PG-13,134.0,2016,English
The Sisters Brothers,Western,0.87,211.0,0.68,2500.0,R,117.0,2018,English
The Lion King,Kids & family,0.93,137.0,0.93,250000.0,G,87.0,1994,English
Kung Fu Panda,Kids & family,0.87,190.0,0.83,250000.0,PG,91.0,2008,English
F9 The Fast Saga,Action,0.59,315.0,0.82,5000.0,PG-13,145.0,2021,English
The Burial,Drama,0.91,117.0,0.82,500.0,R,126.0,2023,English
It Lives Inside,Horror,0.62,104.0,0.48,50.0,PG-13,99.0,2023,English
Weathering With You,Drama,0.92,97.0,0.96,250.0,PG-13,111.0,2019,Japanese
Blaze,Biography,0.95,92.0,0.67,500.0,R,127.0,2018,English
The Swimmers,Drama,0.83,63.0,0.85,250.0,PG-13,134.0,2022,English
Emancipation,History,0.45,155.0,0.59,1000.0,R,132.0,2022,English
You People,Romance,0.4,131.0,0.34,2500.0,R,117.0,2023,English
Mine,Mystery & thriller,0.17,30.0,0.45,1000.0,Not Rated,107.0,2016,English
Teenage Mutant Ninja Turtles: Mutant Mayhem,Kids & family,0.96,243.0,0.9,2500.0,PG,99.0,2023,English
Dragon Ball Super: Super Hero,Action,0.93,59.0,0.95,2500.0,PG-13,100.0,2022,Japanese
"The Gangster, the Cop, the Devil",Action,0.97,35.0,0.94,,Not Rated,110.0,2019,Korean
Outlaw King,History,0.62,154.0,0.68,1000.0,Not Rated,137.0,2018,English
Polaris,Adventure,1.0,10.0,0.12,25.0,Not Rated,89.0,2022,Unknown language
Encanto,Kids & family,0.92,212.0,0.93,2500.0,PG,99.0,2021,English
His House,Horror,1.0,124.0,0.73,1000.0,Not Rated,93.0,2020,English (United Kingdom)
Greyhound,War,0.77,239.0,0.76,1000.0,PG-13,92.0,2020,English
birth/rebirth,Horror,0.96,92.0,0.74,50.0,R,98.0,2023,English
A Compassionate Spy,Documentary,0.81,47.0,0.89,25.0,Not Rated,101.0,2022,English
The Wall,War,0.65,125.0,0.42,5000.0,R,90.0,2017,English
Terminal,Mystery & thriller,0.21,68.0,0.36,500.0,Not Rated,96.0,2018,English
Spiral: From the Book of Saw,Horror,0.37,229.0,0.75,1000.0,R,93.0,2021,English
The Shining,Horror,0.83,105.0,0.93,250000.0,R,142.0,1980,English
Happiest Season,Holiday,0.82,213.0,0.73,1000.0,PG-13,102.0,2020,English
Willy's Wonderland,Horror,0.61,92.0,0.68,1000.0,Not Rated,88.0,2021,English
The Highwaymen,Crime,0.58,142.0,0.76,1000.0,R,132.0,2019,English
Man of Steel,Action,0.56,344.0,0.75,250000.0,PG-13,143.0,2013,English
Hereditary,Horror,0.9,385.0,0.7,10000.0,R,127.0,2018,English
It Ain't Over,Documentary,0.98,57.0,0.96,50.0,PG,98.0,2022,English
The Last Sunset,Western,0.6,5.0,0.58,250.0,Not Rated,112.0,1961,English
The Secret Life of Pets,Kids & family,0.71,242.0,0.62,50000.0,PG,91.0,2016,English
A Beautiful Mind,Biography,0.74,214.0,0.93,250000.0,PG-13,135.0,2001,English
MFKZ,Sci-fi,0.39,18.0,0.8,250.0,R,90.0,2017,French (France)
The Fastest Woman on Earth,Biography,,2.0,0.95,25.0,Not Rated,,2022,English
Meet Joe Black,Fantasy,0.46,50.0,0.81,100000.0,PG-13,180.0,1998,English
Suicide Squad,Action,0.26,394.0,0.58,100000.0,PG-13,123.0,2016,English
Cars 2,Kids & family,0.4,220.0,0.49,100000.0,G,107.0,2011,English
Deadpool,Action,0.85,348.0,0.9,100000.0,R,108.0,2016,English
Wonder Woman,Action,0.93,479.0,0.83,100000.0,PG-13,141.0,2017,English
Make Me Scream,Game show,,1.0,0.79,25.0,Not Rated,45.0,2023,English
The Mummy,Action,0.15,317.0,0.35,25000.0,PG-13,107.0,2017,English
A Million Miles Away,Biography,0.89,53.0,0.96,500.0,PG,121.0,2023,English
Deep Water,Mystery & thriller,0.35,231.0,0.24,500.0,R,116.0,2022,English
"Quo Vadis, Aida?",Drama,1.0,78.0,0.9,250.0,Not Rated,102.0,2020,Bosnian
The Quintessential Quintuplets Movie,Romance,0.92,12.0,0.96,250.0,Not Rated,135.0,2022,Japanese
Luther: The Fallen Sun,Crime,0.68,99.0,0.85,25.0,R,128.0,2023,English (United Kingdom)
Ash Is Purest White,Drama,0.99,158.0,0.69,250.0,Not Rated,141.0,2018,Chinese
A Million Ways to Die in the West,Comedy,0.33,213.0,0.41,50000.0,R,115.0,2014,English
The Ambush,War,,4.0,0.38,25.0,R,102.0,2021,Arabic
The Devil's Own,Mystery & thriller,0.35,40.0,0.41,25000.0,R,110.0,1997,English
Edge of the World,Adventure,0.56,34.0,0.43,25.0,Not Rated,104.0,2021,English
The Nightmare Before Christmas,Kids & family,0.95,108.0,0.92,250000.0,PG,75.0,1993,English
Walk the Line,Biography,0.82,209.0,0.9,250000.0,PG-13,136.0,2005,English
The Empty Man,Horror,0.75,28.0,0.61,1000.0,R,137.0,2020,English
Albert Brooks: Defending My Life,Documentary,0.96,25.0,0.91,25.0,Not Rated,82.0,2023,English
Steve Jobs,Biography,0.85,318.0,0.73,25000.0,R,121.0,2015,English
Biosphere,Sci-fi,0.79,86.0,0.67,100.0,Not Rated,107.0,2022,English
Whiskey Tango Foxtrot,Comedy,0.68,212.0,0.54,10000.0,R,111.0,2016,English
Safety,Biography,0.79,42.0,0.78,100.0,PG,122.0,2020,English
The Last Duel,History,0.85,292.0,0.81,1000.0,R,153.0,2021,English
The Banker,History,0.79,80.0,1.0,50.0,PG-13,120.0,2020,English
Interstellar,Sci-fi,0.73,379.0,0.86,100000.0,PG-13,165.0,2014,English
Last Contact,Sci-fi,0.33,18.0,0.28,50.0,Not Rated,117.0,2023,English (United Kingdom)
Brave,Kids & family,0.79,256.0,0.75,250000.0,PG,93.0,2012,English
You Hurt My Feelings,Comedy,0.94,211.0,0.64,250.0,R,93.0,2023,English
Wrath of Man,Action,0.67,259.0,0.9,2500.0,R,119.0,2021,English
Marvel's the Avengers,Action,0.91,368.0,0.91,250000.0,PG-13,143.0,2012,English
The Greatest Race,Documentary,,,,,TVPG,69.0,2021,English
Collateral,Mystery & thriller,0.86,238.0,0.84,250000.0,R,120.0,2004,English
Locked In,Mystery & thriller,0.58,12.0,0.53,25.0,R,90.0,2021,English
The Man Who Invented Christmas,Holiday,0.79,173.0,0.77,2500.0,PG,104.0,2017,English
The Town,Crime,0.92,238.0,0.85,100000.0,R,124.0,2010,English
Expend4bles,Action,0.14,124.0,0.71,500.0,R,103.0,2023,English
Knock at the Cabin,Mystery & thriller,0.67,334.0,0.63,1000.0,R,100.0,2023,English
The Witches of the Orient,Documentary,0.92,26.0,,25.0,Not Rated,100.0,2021,Japanese
Manodrome,Mystery & thriller,0.5,32.0,0.25,25.0,R,96.0,2023,English (United Kingdom)
"The Godfather, Part III",Crime,0.66,68.0,0.66,250000.0,R,161.0,1990,English
Riders of Justice,Action,0.96,140.0,0.89,500.0,Not Rated,116.0,2020,Danish
Rustin,Drama,0.86,131.0,0.72,50.0,PG-13,108.0,2023,English
Chicken Little,Kids & family,0.37,164.0,0.47,250000.0,G,81.0,2005,English
To Every You I've Loved Before,Anime,,2.0,0.83,25.0,Not Rated,102.0,2022,Japanese
Whitney Houston: I Wanna Dance with Somebody,Biography,0.43,134.0,0.92,1000.0,PG-13,146.0,2022,English
Green Room,Mystery & thriller,0.9,249.0,0.75,10000.0,R,94.0,2015,English
Prey,Action,0.94,282.0,0.74,5000.0,R,99.0,2022,English
Persuasion,Romance,0.31,134.0,0.73,1000.0,PG,109.0,2022,English
You Are So Not Invited to My Bat Mitzvah,Comedy,0.91,76.0,0.6,1000.0,PG-13,101.0,2023,English
Terry Bradshaw: Going Deep,Documentary,,1.0,0.78,25.0,Not Rated,75.0,2022,English
The Handmaiden,Mystery & thriller,0.96,225.0,0.91,10000.0,Not Rated,144.0,2016,Korean
Hayseed,Comedy,,1.0,,,Not Rated,105.0,2023,English
Quiz Lady,Comedy,0.79,81.0,0.82,250.0,R,99.0,2023,English
Elf,Kids & family,0.85,201.0,0.79,250000.0,PG,97.0,2003,English
The Power of the Dog,Western,0.94,362.0,0.76,25.0,R,128.0,2021,English
Hunt for the Wilderpeople,Comedy,0.97,209.0,0.91,25000.0,PG-13,101.0,2016,English (Australia)
Kong: Skull Island,Adventure,0.75,395.0,0.69,50000.0,PG-13,118.0,2017,English
In Deep with Ryan Lochte,Documentary,,3.0,0.6,,Not Rated,63.0,2020,English
Shrek the Third,Kids & family,0.42,212.0,0.52,250000.0,PG,93.0,2007,English
The Social Dilemma,Documentary,0.84,69.0,0.83,500.0,PG-13,94.0,2020,English
Split,Mystery & thriller,0.78,313.0,0.79,50000.0,PG-13,117.0,2016,English
A Hidden Life,History,0.82,234.0,0.72,250.0,PG-13,174.0,2019,English
Slotherhouse,Comedy,0.56,18.0,0.77,100.0,PG-13,93.0,2023,English
Cry Macho,Drama,0.57,178.0,0.64,500.0,PG-13,121.0,2021,English
The Family Stone,Holiday,0.52,160.0,0.63,250000.0,PG-13,104.0,2005,English
Blue Beetle,Action,0.78,271.0,0.91,2500.0,PG-13,127.0,2023,English
Bridge of Spies,History,0.91,314.0,0.87,50000.0,PG-13,141.0,2015,English
American Made,Comedy,0.85,271.0,0.79,25000.0,R,115.0,2017,English
Da 5 Bloods,Drama,0.92,313.0,0.53,2500.0,R,155.0,2020,English
Operation Finale,Mystery & thriller,0.61,137.0,0.67,1000.0,PG-13,122.0,2018,English
Boston Strangler,Crime,0.68,138.0,0.7,250.0,R,112.0,2023,English
All Quiet on the Western Front,War,0.9,175.0,0.9,2500.0,R,148.0,2022,German
Pretty Woman,Romance,0.65,77.0,0.68,250000.0,R,114.0,1990,English
Kingdom of Heaven,History,0.4,189.0,0.72,250000.0,R,145.0,2005,English
Last Summer of Nathan Lee,Comedy,,2.0,,25.0,Not Rated,92.0,2023,English
Fantastic Mr. Fox,Kids & family,0.93,247.0,0.85,100000.0,PG,88.0,2009,English
"Roman J. Israel, Esq.",Crime,0.55,177.0,0.57,2500.0,PG-13,117.0,2017,English
Pok√©mon the Movie: I Choose You!,Adventure,0.33,9.0,0.63,500.0,Not Rated,98.0,2017,Japanese
The Suicide Squad,Action,0.9,383.0,0.82,2500.0,R,132.0,2021,English
Minding the Gap,Documentary,1.0,129.0,0.9,500.0,Not Rated,93.0,2018,English
Writing with Fire,Documentary,1.0,54.0,0.78,25.0,Not Rated,93.0,2021,Hindi
The Humans,Holiday,0.92,141.0,0.45,250.0,R,108.0,2021,English
Nyad,Biography,0.85,136.0,0.82,250.0,PG-13,121.0,2023,English
Jojo Rabbit,Comedy,0.8,432.0,0.94,5000.0,PG-13,108.0,2019,English
Ticket to Paradise,Romance,0.57,223.0,0.87,2500.0,PG-13,104.0,2022,English
Aliens,Sci-fi,0.98,84.0,0.94,250000.0,R,137.0,1986,English
Grave of the Fireflies,Drama,,0.0,0.9,,Not Rated,88.0,1988,Japanese
About Fate,Holiday,0.63,8.0,0.67,100.0,R,100.0,2022,English
Redeeming Love,Romance,0.11,28.0,0.95,500.0,PG-13,134.0,2022,English
The Retirement Plan,Action,0.6,15.0,0.46,100.0,R,103.0,2023,English
My Hero Academia: Heroes Rising,Action,0.9,41.0,0.98,2500.0,PG-13,104.0,2019,Japanese
The Portable Door,Fantasy,0.81,16.0,0.62,100.0,Not Rated,116.0,2023,English (Australia)
Champions,Comedy,0.58,127.0,0.95,1000.0,PG-13,123.0,2023,English
Rogue One: A Star Wars Story,Sci-fi,0.84,463.0,0.87,100000.0,PG-13,134.0,2016,English
In the Heart of the Sea,Adventure,0.43,240.0,0.54,25000.0,PG-13,116.0,2015,English
Leave No Trace,Drama,1.0,252.0,0.79,5000.0,PG,108.0,2018,English
Saw X,Horror,0.8,148.0,0.89,1000.0,R,118.0,2023,English
Assassin Club,Action,0.13,23.0,0.32,25.0,R,111.0,2023,English
Jaws,Holiday,0.97,101.0,0.9,250000.0,PG,124.0,1975,English
The House That Jack Built,Mystery & thriller,0.6,138.0,0.65,1000.0,R,151.0,2018,English
The After Party,Comedy,0.0,5.0,0.85,250.0,Not Rated,120.0,2018,English
Akira,Sci-fi,0.91,54.0,0.9,100000.0,R,124.0,1988,Japanese
The Witch,Horror,0.9,335.0,0.6,25000.0,R,92.0,2015,English
Glory,War,0.95,55.0,0.93,50000.0,R,122.0,1989,English
Tumbledown,Romance,0.7,37.0,0.61,1000.0,R,103.0,2015,English
While You Were Sleeping,Romance,0.81,62.0,0.79,100000.0,PG,103.0,1995,English
Glass Onion: A Knives Out Mystery,Mystery & thriller,0.92,423.0,0.92,1000.0,PG-13,140.0,2022,English
Forever Young,Sci-fi,,2.0,0.97,100.0,Not Rated,100.0,2023,English (United Kingdom)
Lawrence of Arabia,Biography,0.94,133.0,0.93,50000.0,PG,216.0,1962,English
The Night of the 12th,Mystery & thriller,0.94,64.0,0.95,500.0,Not Rated,115.0,2022,French (France)
Inception,Sci-fi,0.87,370.0,0.91,250000.0,PG-13,148.0,2010,English
Before Sunrise,Romance,1.0,48.0,0.93,50000.0,R,101.0,1995,English
A Haunting in Venice,Holiday,0.75,285.0,0.77,1000.0,PG-13,103.0,2023,English
Watchmen,Action,0.65,311.0,0.71,250000.0,R,163.0,2009,English
Resistance,Biography,0.57,97.0,0.8,250.0,R,120.0,2020,English
Beasts of No Nation,War,0.91,150.0,0.92,5000.0,Not Rated,136.0,2015,English
To Catch a Killer,Action,0.51,77.0,0.65,500.0,R,119.0,2023,English
Ratatouille,Kids & family,0.96,253.0,0.87,250000.0,G,111.0,2007,English
"Crazy, Stupid, Love.",Romance,0.79,239.0,0.78,100000.0,PG-13,118.0,2011,English
The Hunger Games: Catching Fire,Sci-fi,0.9,296.0,0.89,250000.0,PG-13,146.0,2013,English
Surrounded,Western,0.88,26.0,0.84,50.0,R,101.0,2023,English
The United States vs. Billie Holiday,History,0.55,188.0,0.79,500.0,R,130.0,2021,English
Surf's Up,Kids & family,0.79,148.0,0.7,250000.0,PG,85.0,2007,English
The Invisible Man,Horror,0.92,423.0,0.88,10000.0,R,124.0,2020,English
Nimona,Action,0.94,90.0,0.91,2500.0,PG,101.0,2023,English
Perfect Blue,Mystery & thriller,0.83,54.0,0.89,10000.0,R,80.0,1997,Japanese
Old,Horror,0.5,344.0,0.53,1000.0,PG-13,108.0,2021,English
Fifty Shades Freed,Romance,0.11,194.0,0.38,5000.0,R,105.0,2018,English
Star Wars: Episode I - The Phantom Menace,Sci-fi,0.52,237.0,0.59,250000.0,PG,133.0,1999,English
Belladonna of Sadness,Fantasy,0.9,41.0,0.75,500.0,Not Rated,93.0,1973,Japanese
Christmas with Jerks,Holiday,,0.0,0.96,,Not Rated,86.0,2023,English
Scrooged,Holiday,0.71,51.0,0.71,50000.0,PG-13,101.0,1988,English
Gunda,Documentary,0.98,94.0,0.7,50.0,G,93.0,2020,English
A Bad Moms Christmas,Holiday,0.32,129.0,0.43,10000.0,R,104.0,2017,English
The Adam Project,Sci-fi,0.68,216.0,0.73,2500.0,PG-13,106.0,2022,English
Violent Night,Holiday,0.74,208.0,0.88,2500.0,R,112.0,2022,English
Climax,Drama,0.69,187.0,0.66,500.0,R,95.0,2018,French (France)
Aquaman,Action,0.65,414.0,0.72,25000.0,PG-13,143.0,2018,English
Neither Confirm nor Deny,Documentary,1.0,7.0,,25.0,Not Rated,93.0,2020,English (United Kingdom)
The Mill,Sci-fi,0.42,12.0,0.48,50.0,Not Rated,106.0,2023,English
Sing Street,Comedy,0.95,218.0,0.92,10000.0,PG-13,106.0,2016,English
Nocturnal Animals,Mystery & thriller,0.74,303.0,0.73,25000.0,R,116.0,2016,English
Pearl,Horror,0.93,204.0,0.82,500.0,R,102.0,2022,English
Is That Black Enough for You?!?,Documentary,1.0,42.0,0.58,25.0,R,135.0,2022,English
Toy Story 3,Kids & family,0.98,313.0,0.9,250000.0,G,102.0,2010,English
Sword Art Online the Movie -Progressive- Aria of a Starless Night,Action,0.8,5.0,0.95,500.0,Not Rated,97.0,2021,Japanese
Peter Pan & Wendy,Kids & family,0.64,149.0,0.11,5000.0,PG,106.0,2023,English
Men in Black: International,Sci-fi,0.23,321.0,0.66,10000.0,PG-13,115.0,2019,English
Incredibles 2,Kids & family,0.93,390.0,0.84,10000.0,PG,118.0,2018,English
The Ballad of Lefty Brown,Western,0.8,30.0,0.54,500.0,R,111.0,2017,English
Elvis,Biography,0.77,398.0,0.94,10000.0,PG-13,159.0,2022,English
Aladdin,Kids & family,0.57,388.0,0.94,50000.0,PG,128.0,2019,English
The Wizard of Oz,Kids & family,0.98,167.0,0.89,250000.0,G,101.0,1939,English
The Wonderful Story of Henry Sugar,Comedy,0.96,89.0,0.81,500.0,PG,39.0,2023,English
True Story,Crime,0.45,169.0,0.38,10000.0,R,104.0,2015,English
Doctor Sleep,Horror,0.78,337.0,0.89,5000.0,R,151.0,2019,English
Home Alone 2: Lost in New York,Kids & family,0.35,57.0,0.62,250000.0,PG,120.0,1992,English
The Matrix Resurrections,Sci-fi,0.63,361.0,0.63,2500.0,R,148.0,2021,English
Avatar: The Way of Water,Sci-fi,0.76,448.0,0.92,10000.0,PG-13,192.0,2022,English
Cocaine Bear,Horror,0.66,319.0,0.71,2500.0,R,95.0,2023,English
I Can Only Imagine,Biography,0.67,33.0,0.91,2500.0,PG,110.0,2018,English
Zootopia,Kids & family,0.98,297.0,0.92,100000.0,PG,108.0,2016,English
Mandy,Horror,0.91,253.0,0.67,2500.0,Not Rated,121.0,2018,English
Warhorse One,Drama,0.2,5.0,0.67,50.0,R,126.0,2023,English
Dune,Sci-fi,0.83,510.0,0.9,5000.0,PG-13,155.0,2021,English
Saving Private Ryan,War,0.94,148.0,0.95,250000.0,R,169.0,1998,English
Spider-Man: Far From Home,Action,0.9,459.0,0.95,50000.0,PG-13,129.0,2019,English
Into the Wild,Biography,0.83,201.0,0.89,100000.0,R,147.0,2007,English
Nightcrawler,Mystery & thriller,0.95,279.0,0.86,50000.0,R,117.0,2014,English
Love Hard,Holiday,0.53,30.0,0.9,2500.0,Not Rated,104.0,2021,English
Capone,Crime,0.4,140.0,0.24,500.0,R,103.0,2020,English
No One Will Save You,Mystery & thriller,0.81,113.0,0.56,1000.0,PG-13,93.0,2023,English
Popstar: Never Stop Never Stopping,Comedy,0.79,173.0,0.65,10000.0,R,86.0,2016,English
Metal Lords,Comedy,0.63,48.0,0.84,500.0,R,98.0,2022,English
Avengers: Age of Ultron,Action,0.76,378.0,0.82,250000.0,PG-13,141.0,2015,English
Nope,Sci-fi,0.83,469.0,0.69,5000.0,R,135.0,2022,English
The SpongeBob SquarePants Movie,Kids & family,0.68,127.0,0.78,100000.0,PG,83.0,2004,English
Retribution,Action,0.29,91.0,0.66,500.0,R,90.0,2023,English
Free Guy,Action,0.8,297.0,0.94,5000.0,PG-13,115.0,2021,English
"Monsters, Inc.",Kids & family,0.96,199.0,0.9,250000.0,G,92.0,2001,English
The Godfather,Crime,0.97,151.0,0.98,250000.0,R,177.0,1972,English
The High Note,Comedy,0.71,191.0,0.73,250.0,PG-13,113.0,2020,English
El Conde,Comedy,0.82,114.0,0.67,100.0,R,110.0,2023,Spanish
Inside Out,Kids & family,0.98,382.0,0.89,100000.0,PG,95.0,2015,English
American Psycho,Comedy,0.68,154.0,0.85,250000.0,R,103.0,2000,English
Dark Harvest,Horror,0.71,38.0,0.48,100.0,R,80.0,2023,English
The Velvet Underground,Documentary,0.98,133.0,0.8,100.0,R,110.0,2021,English
Zack Snyder's Justice League,Action,0.72,313.0,0.93,25000.0,R,242.0,2021,English
The Iron Giant,Kids & family,0.96,143.0,0.9,100000.0,PG,86.0,1999,English
Alien,Sci-fi,0.93,195.0,0.94,250000.0,R,117.0,1979,English
Judas and the Black Messiah,History,0.97,356.0,0.95,500.0,R,126.0,2021,English
Seven,Mystery & thriller,0.83,87.0,0.95,250000.0,R,125.0,1995,English
The Departed,Crime,0.91,287.0,0.94,250000.0,R,152.0,2006,English
I Don't Feel at Home in This World Anymore,Crime,0.89,65.0,0.77,5000.0,Not Rated,96.0,2017,English
The Devil on Trial,Crime,0.36,14.0,0.46,50.0,Not Rated,81.0,2023,English
1922,Horror,0.92,49.0,0.57,1000.0,Not Rated,102.0,2017,English
Braveheart,History,0.76,127.0,0.85,250000.0,R,177.0,1995,English
Insomnia,Mystery & thriller,0.92,204.0,0.77,100000.0,R,118.0,2002,English
David Holmes: The Boy Who Lived,Documentary,1.0,14.0,0.98,50.0,Not Rated,83.0,2023,English
Better Watch Out,Holiday,0.89,65.0,0.64,2500.0,R,89.0,2016,English
Barbarian,Horror,0.93,207.0,0.71,1000.0,R,102.0,2022,English
John Wick: Chapter 4,Action,0.94,371.0,0.93,5000.0,R,169.0,2023,English
Hypnotic,Mystery & thriller,0.32,113.0,0.62,250.0,R,92.0,2023,English
Elemental,Kids & family,0.74,257.0,0.93,2500.0,PG,103.0,2023,English
Aristotle and Dante Discover the Secrets of the Universe,Drama,0.89,46.0,0.95,50.0,PG-13,96.0,2022,English
Pinocchio,Kids & family,0.28,181.0,0.27,2500.0,PG,111.0,2022,English
South Park: Joining the Panderverse,Comedy,,1.0,0.96,250.0,Not Rated,48.0,2023,English
Jurassic Park,Adventure,0.91,141.0,0.91,250000.0,PG-13,126.0,1993,English
The Monkey King,Kids & family,0.59,46.0,0.64,250.0,PG,92.0,2023,English
Joy Ride,Comedy,0.91,211.0,0.82,500.0,R,95.0,2023,English
The Big Sick,Romance,0.98,308.0,0.88,25000.0,R,120.0,2017,English
The Tomorrow War,Sci-fi,0.52,210.0,0.76,5000.0,PG-13,138.0,2021,English
"Summer of Soul (...Or, When the Revolution Could Not Be Televised)",Documentary,0.99,220.0,0.98,100.0,PG-13,117.0,2021,English
The Knight Before Christmas,Holiday,0.67,21.0,0.43,250.0,Not Rated,93.0,2019,English
The Innocents,Horror,0.97,119.0,0.72,250.0,Not Rated,118.0,2021,Norwegian
Millennium Actress,Drama,0.93,58.0,0.9,10000.0,PG,87.0,2001,Japanese
Tolkien,Biography,0.5,199.0,0.71,1000.0,PG-13,112.0,2019,English
Forsaken,Western,0.41,44.0,0.87,2500.0,R,90.0,2015,English
The Keeping Room,Western,0.75,88.0,0.52,1000.0,R,95.0,2014,English
Hacksaw Ridge,War,0.84,280.0,0.91,50000.0,R,139.0,2016,English
They Shall Not Grow Old,Documentary,0.99,156.0,0.92,1000.0,R,99.0,2018,English (United Kingdom)
The Peanuts Movie,Kids & family,0.87,198.0,0.76,50000.0,G,89.0,2015,English
Nefarious,Horror,0.32,19.0,0.96,1000.0,R,98.0,2023,English
Totally Killer,Horror,0.87,102.0,0.76,500.0,R,103.0,2023,English
Midway,War,0.42,175.0,0.92,10000.0,PG-13,138.0,2019,English
Crazy Rich Asians,Romance,0.91,373.0,0.76,10000.0,PG-13,120.0,2018,English
The LEGO Movie,Kids & family,0.96,257.0,0.87,100000.0,PG,95.0,2014,English
Pig,Drama,0.97,273.0,0.84,250.0,R,92.0,2021,English
Learn To Swim,Romance,0.93,14.0,0.25,25.0,Not Rated,90.0,2021,English
BlackBerry,Comedy,0.98,197.0,0.94,1000.0,R,119.0,2023,English
The Equalizer,Action,0.61,207.0,0.77,50000.0,R,132.0,2014,English
Spirited,Holiday,0.71,117.0,0.81,250.0,PG-13,127.0,2022,English
Wind River,Mystery & thriller,0.88,256.0,0.9,25000.0,R,111.0,2017,English
M3GAN,Horror,0.93,315.0,0.78,2500.0,PG-13,102.0,2022,English
Blue Valentine,Drama,0.86,213.0,0.77,50000.0,R,120.0,2010,English
Cocaine Bear: The True Story,Documentary,,1.0,0.75,25.0,Not Rated,51.0,2023,English
Tangled,Kids & family,0.89,228.0,0.87,100000.0,PG,101.0,2010,English
Genie,Holiday,0.25,8.0,,,PG,92.0,2023,English
Doctor Strange in the Multiverse of Madness,Action,0.73,460.0,0.85,10000.0,PG-13,126.0,2022,English
The Good Nurse,Crime,0.74,168.0,0.76,1000.0,R,116.0,2022,English
Where the Crawdads Sing,Drama,0.35,219.0,0.96,5000.0,PG-13,125.0,2022,English
"Extremely Wicked, Shockingly Evil and Vile",Biography,0.55,188.0,0.57,1000.0,R,110.0,2019,English
Harry Potter and the Sorcerer's Stone,Kids & family,0.81,200.0,0.82,250000.0,PG,152.0,2001,English
Palm Springs,Romance,0.94,254.0,0.89,2500.0,R,90.0,2020,English
Sweetwater,Biography,0.26,19.0,0.95,25.0,PG-13,114.0,2023,English
Trolls,Kids & family,0.75,166.0,0.67,25000.0,PG,92.0,2016,English
Meg 2: The Trench,Sci-fi,0.27,181.0,0.73,1000.0,PG-13,116.0,2023,English
Fireworks,Romance,0.45,29.0,0.6,250.0,Not Rated,90.0,2017,Japanese
The Batman,Action,0.85,524.0,0.87,10000.0,PG-13,176.0,2022,English
The Good Dinosaur,Kids & family,0.75,220.0,0.64,50000.0,PG,92.0,2015,English
Hitchcock/Truffaut,Documentary,0.96,119.0,0.76,5000.0,PG-13,80.0,2015,English
Straight Outta Compton,Biography,0.89,249.0,0.91,10000.0,R,147.0,2015,English
Mank,Biography,0.83,354.0,0.63,1000.0,R,132.0,2020,English
The Lone Ranger,Western,0.31,250.0,0.51,25000.0,PG-13,149.0,2013,English
The Emoji Movie,Kids & family,0.06,134.0,0.36,25000.0,PG,86.0,2017,English
Between Me and My Mind,Documentary,,3.0,1.0,100.0,Not Rated,100.0,2019,English
If You Were the Last,Romance,0.86,22.0,0.83,50.0,Not Rated,92.0,2023,English
Sicario: Day of the Soldado,Mystery & thriller,0.62,293.0,0.65,5000.0,R,122.0,2018,English
Harry Potter 20th Anniversary: Return to Hogwarts,Documentary,0.93,27.0,0.86,500.0,Not Rated,105.0,2022,English
The Outpost,War,0.92,101.0,0.81,500.0,R,123.0,2019,English
Under the Boardwalk,Comedy,,0.0,0.88,,PG,83.0,2023,English
Top Gun: Maverick,Action,0.96,478.0,0.99,50000.0,PG-13,131.0,2022,English
Finding Nemo,Kids & family,0.99,270.0,0.86,250000.0,G,100.0,2003,English
Annihilation,Sci-fi,0.88,331.0,0.67,10000.0,R,115.0,2018,English
Argo,History,0.96,364.0,0.9,100000.0,R,120.0,2012,English
Lords of Chaos,Comedy,0.73,77.0,0.62,500.0,R,112.0,2018,English (United Kingdom)
Tucker: The Man and His Dream,Biography,0.81,47.0,0.68,5000.0,PG,111.0,1988,English
The Bad Guys,Kids & family,0.88,171.0,0.93,2500.0,PG,99.0,2022,English
Train to Busan,Horror,0.95,128.0,0.89,10000.0,Not Rated,118.0,2016,Korean
Honeyland,Documentary,1.0,135.0,0.86,250.0,Not Rated,85.0,2019,Turkish
Miranda's Victim,Crime,0.77,22.0,0.97,50.0,Not Rated,127.0,2023,English
The Princess and the Frog,Kids & family,0.85,202.0,0.74,250000.0,G,95.0,2009,English
A Man Called Otto,Comedy,0.7,207.0,0.97,5000.0,PG-13,126.0,2022,English
All the Money in the World,Crime,0.79,262.0,0.65,5000.0,R,132.0,2017,English
Onward,Kids & family,0.88,349.0,0.95,5000.0,PG,103.0,2020,English
El Camino Christmas,Holiday,0.4,5.0,0.41,250.0,TVMA,88.0,2017,English
Ambulance,Action,0.68,251.0,0.88,1000.0,R,136.0,2022,English
Dark Phoenix,Action,0.22,388.0,0.64,10000.0,PG-13,114.0,2019,English
A Silent Voice,Drama,0.94,36.0,0.93,2500.0,Not Rated,129.0,2016,Japanese
The Last Manhunt,Western,0.18,11.0,0.87,100.0,R,103.0,2022,English
I'm Thinking of Ending Things,Mystery & thriller,0.82,269.0,0.5,1000.0,R,134.0,2020,English
Indiana Jones and the Dial of Destiny,Adventure,0.69,411.0,0.88,10000.0,PG-13,144.0,2023,English
Frozen,Kids & family,0.9,251.0,0.85,250000.0,PG,102.0,2013,English
Sonic the Hedgehog,Kids & family,0.63,254.0,0.93,10000.0,PG,100.0,2020,English
Brain on Fire,Biography,0.13,16.0,0.67,500.0,PG-13,95.0,2016,English
Jigsaw,Horror,0.32,91.0,0.88,25000.0,R,92.0,2017,English
Kingdom,Action,0.94,16.0,0.96,25.0,R,134.0,2019,Japanese
X,Horror,0.94,226.0,0.75,500.0,R,105.0,2022,English
3 Days in Malay,Action,,3.0,0.94,250.0,Not Rated,98.0,2023,English
Lupin III: The First,Comedy,0.95,22.0,0.87,100.0,Not Rated,93.0,2019,Japanese
Still: A Michael J. Fox Movie,Documentary,0.99,150.0,0.95,250.0,R,95.0,2023,English
Renfield,Horror,0.58,301.0,0.79,1000.0,R,93.0,2023,English
The Lobster,Romance,0.87,269.0,0.65,25000.0,R,118.0,2015,English
Reggie,Documentary,1.0,12.0,0.9,50.0,PG-13,104.0,2023,English
Old Henry,Western,0.95,74.0,0.91,500.0,Not Rated,99.0,2021,English
Good Time,Mystery & thriller,0.91,239.0,0.82,5000.0,R,101.0,2017,English
Free Birds,Kids & family,0.2,91.0,0.44,25000.0,PG,91.0,2013,English
Three Identical Strangers,Documentary,0.96,190.0,0.88,2500.0,PG-13,96.0,2018,English
The Old Way,Western,0.32,59.0,0.7,25.0,R,95.0,2023,English
Frozen II,Kids & family,0.77,340.0,0.92,25000.0,PG,103.0,2019,English
Halloween Ends,Holiday,0.4,263.0,0.57,2500.0,R,111.0,2022,English
Yesterday,Romance,0.63,367.0,0.89,10000.0,PG-13,116.0,2019,English
Haunt,Holiday,0.7,50.0,1.0,25.0,R,92.0,2019,English
Star Wars: The Last Jedi,Sci-fi,0.91,487.0,0.42,100000.0,PG-13,152.0,2017,English
Ghosted,Action,0.25,118.0,0.56,1000.0,PG-13,116.0,2023,English
Phantom Thread,Drama,0.91,359.0,0.71,5000.0,R,130.0,2017,English
Whisper of the Heart,Kids & family,0.95,19.0,,5000.0,G,111.0,1995,Japanese
A Bug's Life,Kids & family,0.92,91.0,0.72,250000.0,G,96.0,1998,English
Your Lucky Day,Mystery & thriller,0.85,27.0,0.71,25.0,R,89.0,2023,English
Guardians of the Galaxy,Sci-fi,0.92,339.0,0.92,250000.0,PG-13,121.0,2014,English
"Juliet, Naked",Romance,0.82,170.0,0.74,1000.0,R,105.0,2018,English
Rock Dog,Kids & family,0.46,56.0,0.48,2500.0,PG,90.0,2016,English
Falling for Christmas,Holiday,0.62,55.0,0.53,500.0,Not Rated,93.0,2022,English
It,Horror,0.86,388.0,0.84,50000.0,R,135.0,2017,English
True Spirit,Drama,0.79,19.0,0.72,100.0,TVPG,109.0,2023,English
Emily the Criminal,Crime,0.94,206.0,0.79,100.0,R,97.0,2022,English
Butch Cassidy and the Sundance Kid,Western,0.9,58.0,0.92,50000.0,PG,110.0,1969,English
Thor: Love and Thunder,Action,0.63,446.0,0.76,10000.0,PG-13,125.0,2022,English
The Imitation Game,History,0.9,287.0,0.91,100000.0,PG-13,113.0,2014,English
The Oath,Holiday,0.63,91.0,0.4,250.0,R,93.0,2018,English
Wild Rose,Comedy,0.92,195.0,0.87,100.0,R,101.0,2018,English
Godzilla vs. Kong,Sci-fi,0.76,392.0,0.91,10000.0,PG-13,113.0,2021,English
Can You Ever Forgive Me?,Biography,0.98,324.0,0.81,2500.0,R,106.0,2018,English
True History of the Kelly Gang,Crime,0.8,167.0,0.42,250.0,R,124.0,2019,English (Australia)
Gotti,Crime,0.0,58.0,0.44,5000.0,R,105.0,2018,English
mother!,Horror,0.69,378.0,0.51,25000.0,R,120.0,2017,English
Ex Machina,Sci-fi,0.92,288.0,0.86,50000.0,R,107.0,2014,English
You Won't Be Alone,Horror,0.93,138.0,0.7,250.0,R,109.0,2022,Macedonian
PAW Patrol: The Movie,Kids & family,0.8,51.0,0.97,1000.0,G,85.0,2021,English
Shark Tale,Kids & family,0.35,182.0,0.47,250000.0,PG,90.0,2004,English
Wolfwalkers,Fantasy,0.99,173.0,0.98,50.0,PG,103.0,2020,English
Holidate,Romance,0.45,60.0,0.54,500.0,Not Rated,103.0,2020,English
Captain America: The Winter Soldier,Action,0.9,312.0,0.92,250000.0,PG-13,135.0,2014,English
Butcher's Crossing,Western,0.73,56.0,0.47,25.0,R,105.0,2022,English
Shang-Chi and the Legend of the Ten Rings,Action,0.92,343.0,0.98,10000.0,PG-13,133.0,2021,English
Risen,Sci-fi,,4.0,0.15,50.0,Not Rated,110.0,2021,English
Minions,Kids & family,0.56,225.0,0.49,100000.0,PG,91.0,2015,English
The Velveteen Rabbit,Kids & family,1.0,5.0,0.88,25.0,Not Rated,44.0,2023,English
The Creator,Sci-fi,0.66,302.0,0.76,1000.0,PG-13,133.0,2023,English
"The Godfather, Part II",Crime,0.96,125.0,0.97,250000.0,R,200.0,1974,English
Cruella,Comedy,0.75,415.0,0.97,5000.0,PG-13,134.0,2021,English
Song to Song,Drama,0.43,131.0,0.37,5000.0,R,129.0,2017,English
Blade Runner,Sci-fi,0.88,130.0,0.91,250000.0,R,122.0,1982,English
Hang 'Em High,Western,0.92,13.0,0.73,25000.0,PG-13,114.0,1968,English
Snowden,Drama,0.61,263.0,0.7,25000.0,R,134.0,2016,English
Medieval,History,0.38,34.0,0.72,100.0,R,126.0,2022,English
Toy Story,Kids & family,1.0,97.0,0.92,250000.0,G,80.0,1995,English
King Arthur,History,0.31,189.0,0.59,250000.0,PG-13,126.0,2004,English
Stutz,Documentary,0.96,23.0,0.96,1000.0,R,96.0,2022,English
The Prestige,Drama,0.77,206.0,0.92,250000.0,PG-13,130.0,2006,English
Portrait of a Lady on Fire,History,0.97,336.0,0.92,250.0,R,121.0,2019,French (France)
Missing,Mystery & thriller,0.88,145.0,0.9,1000.0,PG-13,111.0,2023,English
Tenet,Action,0.69,375.0,0.76,5000.0,PG-13,150.0,2020,English
The Gray Man,Action,0.44,272.0,0.9,100.0,PG-13,129.0,2022,English
Darkest Hour,History,0.84,317.0,0.82,10000.0,PG-13,125.0,2017,English
Avengers: Infinity War,Action,0.85,492.0,0.92,50000.0,PG-13,149.0,2018,English
AKA Mr. Chow,Documentary,,3.0,,25.0,Not Rated,90.0,2023,English
Entergalactic,Music,0.97,30.0,0.94,500.0,Not Rated,92.0,2022,English
Onyx the Fortuitous and the Talisman of Souls,Comedy,0.64,36.0,0.97,100.0,Not Rated,110.0,2023,English
Little Richard: I Am Everything,Documentary,0.95,92.0,0.98,500.0,Not Rated,98.0,2023,English
Divergent,Sci-fi,0.41,237.0,0.69,100000.0,PG-13,140.0,2014,English
Haunted Mansion,Fantasy,0.37,252.0,0.84,2500.0,PG-13,123.0,2023,English
The Nun,Horror,0.24,209.0,0.35,5000.0,R,96.0,2018,English
A Nice Girl Like You,Romance,0.1,10.0,0.78,250.0,R,94.0,2020,English
Legend,Crime,0.61,173.0,0.59,25000.0,R,131.0,2015,English
Love & Mercy,Biography,0.89,218.0,0.85,10000.0,PG-13,120.0,2014,English
Shrek Forever After,Kids & family,0.57,200.0,0.54,250000.0,PG,95.0,2010,English
Dumb Money,Comedy,0.84,224.0,0.85,250.0,R,105.0,2023,English
Operation Fortune: Ruse de guerre,Action,0.51,151.0,0.82,500.0,R,114.0,2023,English
Ma Rainey's Black Bottom,History,0.97,319.0,0.73,1000.0,R,94.0,2020,English
Perfume: The Story of a Murderer,Mystery & thriller,0.59,131.0,0.74,250000.0,R,145.0,2006,English
Legion,Horror,0.2,107.0,0.31,250000.0,R,104.0,2010,English
8-Bit Christmas,Holiday,0.84,31.0,0.75,500.0,PG,105.0,2021,English
The Alpinist,Documentary,0.93,45.0,0.97,50.0,PG-13,93.0,2021,English
Set It Up,Romance,0.92,63.0,0.68,1000.0,TV14,105.0,2018,English
Sand Castle,War,0.47,17.0,0.46,500.0,TVMA,113.0,2017,English
Pride & Prejudice,Drama,0.87,180.0,0.89,250000.0,PG,128.0,2005,English (United Kingdom)
"The Hunger Games: Mockingjay, Part 2",Sci-fi,0.7,294.0,0.66,100000.0,PG-13,136.0,2015,English
Heat,Crime,0.89,96.0,0.94,100000.0,R,170.0,1995,English
Surviving Christmas,Holiday,0.08,116.0,0.3,25000.0,PG-13,90.0,2004,English
Us,Horror,0.93,555.0,0.6,10000.0,R,116.0,2019,English
Being the Ricardos,Biography,0.68,281.0,0.75,100.0,R,125.0,2021,English
"Don't Worry, He Won't Get Far on Foot",Biography,0.77,192.0,0.75,1000.0,R,113.0,2018,English
Good Burger,Comedy,0.33,45.0,0.63,50000.0,PG,95.0,1997,English
Friendsgiving,Holiday,0.19,26.0,0.22,100.0,R,95.0,2020,English
Imperium,Mystery & thriller,0.84,75.0,0.64,5000.0,R,108.0,2016,English
Ad Astra,Sci-fi,0.83,398.0,0.4,10000.0,PG-13,124.0,2019,English
The Last Airbender,Fantasy,0.05,192.0,0.3,250000.0,PG,103.0,2010,English
The Lost City of Z,Adventure,0.86,249.0,0.58,10000.0,PG-13,141.0,2016,English
Miracle on 34th Street,Holiday,0.96,52.0,0.87,25000.0,Not Rated,96.0,1947,English
Widows,Mystery & thriller,0.91,427.0,0.61,5000.0,R,128.0,2018,English
War for the Planet of the Apes,Sci-fi,0.94,365.0,0.84,50000.0,PG-13,142.0,2017,English
Dragon Ball Super: Broly,Action,0.83,58.0,0.92,2500.0,PG,101.0,2018,Japanese
Puss in Boots: The Last Wish,Kids & family,0.95,192.0,0.94,5000.0,PG,102.0,2022,English
Black Friday,Holiday,0.65,20.0,0.39,100.0,Not Rated,80.0,2021,English
Mike Birbiglia: The Old Man and The Pool,Comedy,,0.0,0.87,,Not Rated,77.0,2023,English
All the Beauty and the Bloodshed,Documentary,0.95,143.0,0.62,100.0,Not Rated,117.0,2022,English
Ant-Man and The Wasp: Quantumania,Action,0.46,410.0,0.82,10000.0,PG-13,124.0,2023,English
The Accountant,Mystery & thriller,0.52,287.0,0.76,25000.0,R,128.0,2016,English
Attachment,Drama,0.95,58.0,0.59,100.0,Not Rated,105.0,2022,Danish
Colette,Biography,0.87,231.0,0.7,1000.0,R,111.0,2018,English
Spider-Man,Action,0.9,249.0,0.67,250000.0,PG-13,116.0,2002,English
The Revenant,Adventure,0.78,403.0,0.84,100000.0,R,156.0,2015,English
No Hard Feelings,Romance,0.71,222.0,0.87,1000.0,R,103.0,2023,English
The Professional,Mystery & thriller,0.74,66.0,0.95,250000.0,R,106.0,1994,English
EVANGELION:3.0+1.01 Thrice Upon a Time,Sci-fi,1.0,29.0,0.92,500.0,Not Rated,154.0,2021,Japanese
The Electrical Life of Louis Wain,Biography,0.69,159.0,0.72,250.0,PG-13,111.0,2021,English (United Kingdom)
Damsel,Comedy,0.68,117.0,0.53,500.0,R,113.0,2018,English
The Incredibles,Kids & family,0.97,250.0,0.75,250000.0,PG,115.0,2004,English
"The Godfather, Coda: The Death of Michael Corleone",Crime,0.86,58.0,0.86,250.0,Not Rated,,1990,English
The Curious Case of Benjamin Button,Fantasy,0.71,256.0,0.8,250000.0,PG-13,167.0,2008,English
Mad God,Horror,0.91,91.0,0.68,250.0,Not Rated,83.0,2021,English
Inside Man,Mystery & thriller,,2.0,0.89,100.0,Not Rated,87.0,2023,English
Shazam! Fury of the Gods,Action,0.49,258.0,0.86,2500.0,PG-13,130.0,2023,English
The Killing of a Sacred Deer,Mystery & thriller,0.79,281.0,0.63,10000.0,R,121.0,2017,English
The Half of It,Romance,0.97,105.0,0.81,1000.0,PG-13,105.0,2020,English
Crown,Documentary,,,,,Not Rated,,2023,English
Get Out,Horror,0.98,403.0,0.86,50000.0,R,104.0,2017,English
Asteroid City,Comedy,0.75,345.0,0.62,1000.0,PG-13,105.0,2023,English
Top Secret!,Comedy,0.76,51.0,0.8,25000.0,PG,90.0,1984,English
RRR,Action,0.95,103.0,0.94,500.0,Not Rated,187.0,2022,Telugu
Troll,Action,0.9,29.0,0.51,1000.0,Not Rated,103.0,2022,Norwegian
Till,Drama,0.96,192.0,0.97,500.0,PG-13,130.0,2022,English
The Pigeon Tunnel,Documentary,0.96,79.0,0.7,25.0,PG-13,94.0,2023,English
Constantine,Fantasy,0.46,227.0,0.72,250000.0,R,120.0,2005,English
Sweet Country,Western,0.96,92.0,0.71,500.0,R,113.0,2017,English (Australia)
El Camino: A Breaking Bad Movie,Crime,0.92,133.0,0.81,5000.0,Not Rated,122.0,2019,English
After Everything,Drama,,2.0,0.79,25.0,R,95.0,2023,English
Pan's Labyrinth,Fantasy,0.95,243.0,0.91,250000.0,R,120.0,2006,Spanish (Spain)
The Ballad of Buster Scruggs,Western,0.89,237.0,0.78,2500.0,R,132.0,2018,English
(500) Days of Summer,Comedy,0.85,233.0,0.84,250000.0,PG-13,95.0,2009,English
Let It Snow,Holiday,0.81,27.0,0.47,250.0,PG-13,93.0,2019,English
Paddington,Kids & family,0.97,164.0,0.8,50000.0,PG,95.0,2014,English
Sitting in Bars with Cake,Romance,0.76,42.0,0.86,100.0,PG-13,120.0,2023,English
Tomorrowland,Sci-fi,0.5,305.0,0.49,50000.0,PG,129.0,2015,English
"I, Tonya",Biography,0.9,388.0,0.88,10000.0,R,121.0,2017,English
The Magician's Elephant,Kids & family,0.65,37.0,0.83,100.0,PG,103.0,2023,English
Noah,History,0.75,262.0,0.41,100000.0,PG-13,137.0,2014,English
All Eyez on Me,Biography,0.18,93.0,0.54,10000.0,R,140.0,2017,English
Guy Ritchie's The Covenant,War,0.83,118.0,0.98,1000.0,R,123.0,2023,English
The Meg,Sci-fi,0.47,313.0,0.44,5000.0,PG-13,113.0,2018,English
The Swearing Jar,Romance,0.94,16.0,0.68,25.0,Not Rated,111.0,2022,English
The Other Zoey,Romance,0.83,12.0,0.86,100.0,PG-13,86.0,2023,English
Candyman,Horror,0.84,335.0,0.72,2500.0,R,91.0,2021,English
The Next Three Days,Mystery & thriller,0.5,170.0,0.66,50000.0,PG-13,133.0,2010,English
The Wild Parrots of Telegraph Hill,Documentary,0.95,102.0,0.85,5000.0,G,83.0,2003,English
Vice,Biography,0.65,369.0,0.6,5000.0,R,132.0,2018,English
Bad Times at the El Royale,Mystery & thriller,0.75,260.0,0.75,5000.0,R,141.0,2018,English
Fight Club,Mystery & thriller,0.79,184.0,0.96,250000.0,R,139.0,1999,English
A Star Is Born,Romance,0.9,536.0,0.8,10000.0,R,135.0,2018,English
"Jim & Andy: The Great Beyond - Featuring a Very Special, Contractually Obligated Mention of Tony Clifton",Documentary,0.92,52.0,0.87,1000.0,Not Rated,94.0,2017,Kalaallisut
Perpetrator,Horror,0.81,59.0,0.29,50.0,Not Rated,100.0,2023,English
Cassandro,Drama,0.91,128.0,0.76,100.0,R,107.0,2023,English
PAW Patrol: The Mighty Movie,Kids & family,0.74,46.0,0.94,500.0,PG,92.0,2023,English
The Nice Guys,Action,0.91,324.0,0.79,50000.0,R,116.0,2016,English
Unforgiven,Western,0.96,110.0,0.93,100000.0,R,130.0,1992,English
Sully,Drama,0.85,348.0,0.84,25000.0,PG-13,96.0,2016,English
Ice Age,Kids & family,0.77,168.0,0.82,250000.0,PG,81.0,2002,English
Arrival,Sci-fi,0.94,442.0,0.82,50000.0,PG-13,116.0,2016,English
Who Killed Santa? A Murderville Murder Mystery,Comedy,0.91,11.0,0.84,50.0,TVMA,52.0,2022,English
The Wild Bunch,Western,0.91,66.0,0.9,25000.0,R,142.0,1969,English
Ma,Mystery & thriller,0.55,213.0,0.64,5000.0,R,99.0,2019,English
The Lost City,Romance,0.79,273.0,0.83,2500.0,PG-13,112.0,2022,English
Chevalier,Biography,0.77,164.0,0.97,250.0,PG-13,107.0,2022,English
Jujutsu Kaisen 0: The Movie,Fantasy,0.98,53.0,0.98,2500.0,PG-13,105.0,2021,Japanese
The Snowman,Mystery & thriller,0.07,200.0,0.18,10000.0,R,145.0,2017,English
What Is a Woman?,Documentary,0.75,8.0,0.86,10000.0,Not Rated,94.0,2022,English
Boudica: Queen of War,History,0.36,14.0,0.18,25.0,R,100.0,2023,English (United Kingdom)
Man on Fire,Crime,0.39,168.0,0.89,250000.0,R,145.0,2004,English
WALL-E,Kids & family,0.95,261.0,0.9,250000.0,G,97.0,2008,English
Risen,History,0.53,132.0,0.7,10000.0,PG-13,108.0,2016,English
On the Come Up,Drama,0.75,32.0,0.74,50.0,PG-13,116.0,2022,English
Blonde,Biography,0.42,318.0,0.34,2500.0,NC-17,166.0,2022,English
My Big Fat Greek Wedding 3,Comedy,0.29,94.0,0.71,1000.0,PG-13,91.0,2023,English
Never Grow Old,Western,0.9,21.0,0.62,100.0,R,100.0,2019,English
Sicario,Mystery & thriller,0.92,282.0,0.85,50000.0,R,121.0,2015,English
Thank You for Your Service,War,0.76,114.0,0.73,5000.0,R,108.0,2017,English
Huesera: The Bone Woman,Horror,0.97,97.0,0.67,250.0,Not Rated,93.0,2022,Spanish
The Guilty,Mystery & thriller,0.74,190.0,0.49,1000.0,R,91.0,2021,English
Hustle & Flow,Drama,0.82,162.0,0.82,100000.0,R,115.0,2005,English
Triangle of Sadness,Comedy,0.72,277.0,0.8,100.0,R,149.0,2022,English
Long Shot,Romance,0.82,305.0,0.74,5000.0,R,123.0,2019,English
Fisherman's Friends,Comedy,0.69,59.0,0.74,100.0,PG-13,112.0,2019,English (United Kingdom)
Fantastic Fungi,Documentary,1.0,23.0,0.94,50.0,Not Rated,81.0,2019,English
Lady Chatterley's Lover,Romance,0.86,91.0,0.75,250.0,R,126.0,2022,English
The Beguiled,History,0.78,330.0,0.48,10000.0,R,94.0,2017,English
Christmas With You,Holiday,0.65,17.0,0.6,100.0,Not Rated,89.0,2022,English
Oppenheimer,History,0.93,475.0,0.91,10000.0,R,180.0,2023,English
The Christmas Chronicles,Kids & family,0.68,62.0,0.76,1000.0,TVPG,104.0,2018,English
Murder Mystery 2,Comedy,0.45,95.0,0.46,1000.0,PG-13,90.0,2023,English
After,Romance,0.18,39.0,0.65,2500.0,PG-13,106.0,2019,English
Taurus,Drama,0.62,26.0,0.9,50.0,Not Rated,98.0,2022,English
A Boy Called Christmas,Kids & family,0.84,31.0,0.59,250.0,Not Rated,106.0,2021,English (United Kingdom)
White Christmas,Holiday,0.77,44.0,0.88,50000.0,Not Rated,120.0,1954,English
Girls to Buy,Drama,,2.0,0.68,25.0,Not Rated,136.0,2021,Polish
Thor: Ragnarok,Action,0.93,440.0,0.87,50000.0,PG-13,130.0,2017,English
Donnie Darko,Drama,0.87,119.0,0.8,250000.0,R,113.0,2001,English
The Night Before,Holiday,0.68,160.0,0.61,25000.0,R,101.0,2015,English
Tetris,Mystery & thriller,0.82,186.0,0.87,1000.0,R,118.0,2023,English
A Walk in the Woods,Comedy,0.46,165.0,0.48,10000.0,R,104.0,2015,English
Halloween,Holiday,0.96,85.0,0.89,250000.0,R,91.0,1978,English
Law Abiding Citizen,Mystery & thriller,0.26,163.0,0.75,250000.0,R,108.0,2009,English
In This Corner of the World,History,0.97,74.0,0.88,50.0,PG-13,128.0,2016,Japanese
One True Loves,Romance,0.22,27.0,0.37,100.0,PG-13,100.0,2023,English
Her Smell,Drama,0.84,140.0,0.44,250.0,R,135.0,2018,English
Marcel the Shell with Shoes On,Kids & family,0.98,193.0,0.9,1000.0,PG,89.0,2021,English
Satan Wants You,Documentary,0.95,41.0,,,Not Rated,89.0,2023,English
Coco,Kids & family,0.97,356.0,0.94,25000.0,PG,109.0,2017,English
Sonic the Hedgehog 2,Kids & family,0.69,182.0,0.96,5000.0,PG,122.0,2022,English
Ready Player One,Sci-fi,0.72,447.0,0.77,25000.0,PG-13,140.0,2018,English
Ae Dil Hai Mushkil,Drama,0.53,17.0,0.44,1000.0,Not Rated,155.0,2016,Hindi
A Christmas Story Christmas,Kids & family,0.79,48.0,0.75,500.0,PG,101.0,2022,English
The Death of Stalin,Comedy,0.94,254.0,0.79,5000.0,R,107.0,2017,English
Venom,Action,0.3,365.0,0.8,25000.0,PG-13,112.0,2018,English
The Little Mermaid,Kids & family,0.67,346.0,0.94,10000.0,PG,135.0,2023,English
Good Boy,Mystery & thriller,0.93,15.0,0.45,25.0,R,79.0,2022,Norwegian
Big George Foreman: The Miraculous Story of the Once and Future Heavyweight Champion of the World,Biography,0.42,52.0,0.96,250.0,PG-13,129.0,2023,English
"Red, White & Royal Blue",Romance,0.76,116.0,0.93,2500.0,R,112.0,2023,English
Icarus,Documentary,0.92,51.0,0.93,2500.0,Not Rated,110.0,2017,English
Anthropoid,History,0.66,106.0,0.71,5000.0,R,120.0,2016,English
Punch,Drama,0.81,21.0,0.8,25.0,Not Rated,98.0,2022,English
You're All Gonna Die,Horror,,,,,Not Rated,89.0,2023,English
Trolls World Tour,Kids & family,0.71,161.0,0.58,1000.0,PG,91.0,2020,English
Zodiac,Crime,0.9,265.0,0.77,250000.0,R,157.0,2007,English
Gerald's Game,Horror,0.91,82.0,0.7,2500.0,TVMA,103.0,2017,English
Star Wars: The Rise of Skywalker,Sci-fi,0.51,527.0,0.86,50000.0,PG-13,142.0,2019,English
The Founder,Biography,0.81,248.0,0.82,25000.0,PG-13,115.0,2016,English
Dal√≠land,Biography,0.45,67.0,0.96,500.0,Not Rated,97.0,2022,English
The Princess Bride,Kids & family,0.98,83.0,0.94,250000.0,PG,98.0,1987,English
Captain Underpants: The First Epic Movie,Kids & family,0.87,138.0,0.62,10000.0,PG,89.0,2017,English
DC League of Super-Pets,Kids & family,0.72,150.0,0.88,2500.0,PG,106.0,2022,English
T√°r,Drama,0.91,348.0,0.74,250.0,R,158.0,2022,English
How to Train Your Dragon,Kids & family,0.99,214.0,0.91,250000.0,PG,98.0,2010,English
Infinity Pool,Horror,0.87,230.0,0.52,250.0,R,117.0,2023,English
Creed III,Drama,0.88,338.0,0.96,5000.0,PG-13,116.0,2023,English
The Sea Beast,Kids & family,0.95,110.0,0.84,1000.0,PG,115.0,2022,English
Sick,Horror,0.87,62.0,0.74,500.0,R,83.0,2022,English
Event Horizon,Sci-fi,0.34,90.0,0.61,50000.0,R,95.0,1997,English
Something from Tiffany's,Romance,0.7,37.0,0.6,100.0,PG,87.0,2022,English
Soul,Kids & family,0.95,360.0,0.88,5000.0,PG,100.0,2020,English
Feast of the Seven Fishes,Holiday,0.88,17.0,0.88,50.0,Not Rated,99.0,2019,English
Free Solo,Documentary,0.98,160.0,0.93,2500.0,PG-13,100.0,2018,English
Hellbender,Horror,0.97,67.0,0.55,250.0,Not Rated,86.0,2021,English
Uncharted,Adventure,0.4,264.0,0.9,5000.0,PG-13,116.0,2022,English
Pencils vs. Pixels,Documentary,1.0,8.0,0.83,25.0,Not Rated,72.0,2023,English
When Evil Lurks,Horror,0.99,98.0,0.8,500.0,Not Rated,99.0,2023,Spanish
Sinister,Horror,0.63,158.0,0.62,50000.0,R,109.0,2012,English
Insidious,Horror,0.67,177.0,0.62,100000.0,PG-13,101.0,2010,English
Vivarium,Mystery & thriller,0.73,155.0,0.39,1000.0,Not Rated,97.0,2020,English
Home for the Holidays,Holiday,0.64,50.0,0.72,10000.0,PG-13,103.0,1995,English
Me Before You,Romance,0.54,179.0,0.73,25000.0,PG-13,110.0,2016,English
Joker,Crime,0.69,602.0,0.88,50000.0,R,122.0,2019,English
The Hunchback of Notre Dame,Kids & family,0.71,59.0,0.7,100000.0,G,86.0,1996,English
The Courier,Mystery & thriller,0.85,216.0,0.95,1000.0,PG-13,111.0,2020,English
Scent of a Woman,Holiday,0.85,48.0,0.92,100000.0,R,157.0,1992,English
Finch,Sci-fi,0.74,173.0,0.67,1000.0,PG-13,115.0,2021,English
Lady Bird,Comedy,0.99,401.0,0.79,10000.0,R,94.0,2017,English
"""Sr.""",Documentary,0.97,60.0,0.89,100.0,R,90.0,2022,English
The Captain,History,0.83,53.0,0.84,500.0,Not Rated,118.0,2017,German
Big,Kids & family,0.98,80.0,0.82,250000.0,PG,104.0,1988,English
True Grit,Western,0.88,56.0,0.84,25000.0,G,128.0,1969,English
The LEGO Batman Movie,Kids & family,0.89,314.0,0.8,25000.0,PG,106.0,2017,English
Theater Camp,Comedy,0.85,164.0,0.79,500.0,PG-13,94.0,2023,English
Stop Making Sense,Documentary,1.0,67.0,0.97,5000.0,PG,88.0,1984,English
Spencer,Biography,0.83,359.0,0.52,500.0,R,111.0,2021,English
Murder at Yellowstone City,Western,0.24,21.0,0.59,50.0,Not Rated,126.0,2022,English
War Machine,War,0.48,96.0,0.34,5000.0,TVMA,122.0,2017,English
Nandor Fodor and the Talking Mongoose,Comedy,0.46,35.0,0.65,50.0,PG-13,96.0,2023,English (United Kingdom)
Mad Max: Fury Road,Action,0.97,439.0,0.86,100000.0,R,120.0,2015,English
Mr. Jones,History,0.86,106.0,,100.0,Not Rated,118.0,2019,English
The Rider,Drama,0.97,191.0,0.82,1000.0,R,104.0,2017,English
Stardust,Biography,0.19,73.0,0.22,50.0,Not Rated,109.0,2020,English
Inglourious Basterds,War,0.89,335.0,0.88,250000.0,R,152.0,2009,English
Pitch Perfect,Musical,0.82,157.0,0.83,100000.0,PG-13,112.0,2012,English
Fresh,Horror,0.81,208.0,0.81,1000.0,R,114.0,2022,English
RUSHED,Mystery & thriller,0.9,10.0,0.88,100.0,Not Rated,101.0,2021,English
Back to the Future Part III,Comedy,0.8,46.0,0.78,250000.0,PG,118.0,1990,English
Strays,Comedy,0.53,171.0,0.69,1000.0,R,93.0,2023,English
The Noel Diary,Holiday,0.69,16.0,0.65,250.0,Not Rated,99.0,2022,English
The Boogeyman,Horror,0.6,194.0,0.66,1000.0,PG-13,98.0,2023,English
Beastie Boys Story,Documentary,0.94,85.0,0.85,250.0,Not Rated,119.0,2020,English
Black Is King,Music,0.94,68.0,0.9,2500.0,TV14,85.0,2020,English
Hell on the Border,Western,0.4,5.0,0.24,25.0,R,87.0,2019,English
Passengers,Sci-fi,0.3,288.0,0.63,50000.0,PG-13,111.0,2016,English
Torn,Documentary,1.0,19.0,0.89,25.0,Not Rated,92.0,2021,English
Paddington 2,Kids & family,0.99,253.0,0.88,5000.0,PG,103.0,2017,English (United Kingdom)
Bohemian Rhapsody,Biography,0.6,421.0,0.85,10000.0,PG-13,135.0,2018,English
Ford v Ferrari,History,0.92,361.0,0.98,10000.0,PG-13,152.0,2019,English
Meet Me in the Bathroom,Documentary,0.74,50.0,0.64,25.0,Not Rated,107.0,2022,English (United Kingdom)
Barbie,Comedy,0.88,480.0,0.83,10000.0,PG-13,114.0,2023,English
The Exorcist: Believer,Horror,0.22,246.0,0.59,1000.0,R,111.0,2023,English
The Deepest Breath,Documentary,0.84,62.0,0.93,100.0,PG,108.0,2023,English
Promising Young Woman,Comedy,0.9,427.0,0.87,500.0,R,113.0,2020,English
Alita: Battle Angel,Sci-fi,0.62,330.0,0.91,25000.0,PG-13,122.0,2019,English
Once Upon a Time... In Hollywood,Comedy,0.85,584.0,0.7,25000.0,R,159.0,2019,English
A Quiet Place,Horror,0.96,387.0,0.83,25000.0,PG-13,90.0,2018,English
Star Wars: The Force Awakens,Sci-fi,0.93,453.0,0.85,100000.0,PG-13,136.0,2015,English
Plane,Action,0.78,171.0,0.94,1000.0,R,107.0,2023,English
Empire of Light,Romance,0.45,256.0,0.74,50.0,R,119.0,2022,English
Captain America: Civil War,Action,0.91,430.0,0.89,100000.0,PG-13,146.0,2016,English
The Glass Castle,Biography,0.52,165.0,0.7,5000.0,PG-13,127.0,2017,English
The Blackening,Comedy,0.87,145.0,0.85,1000.0,R,97.0,2022,English
Respect,Biography,0.68,192.0,0.95,2500.0,PG-13,145.0,2021,English
Black Crab,Action,0.52,31.0,0.54,250.0,Not Rated,110.0,2022,Swedish
Mission: Impossible - Fallout,Action,0.97,442.0,0.88,10000.0,PG-13,147.0,2018,English
In a Valley of Violence,Western,0.78,73.0,0.51,2500.0,R,104.0,2016,English
Monster Hunter,Fantasy,0.44,100.0,0.7,1000.0,PG-13,103.0,2020,English
Past Lives,Romance,0.97,257.0,0.92,1000.0,PG-13,106.0,2023,English
Robert the Bruce,History,0.44,52.0,0.6,100.0,Not Rated,124.0,2019,English
Midsommar,Horror,0.83,404.0,0.63,5000.0,R,145.0,2019,English
The 355,Action,0.24,228.0,0.86,1000.0,PG-13,122.0,2022,English
Fast X,Action,0.56,313.0,0.84,5000.0,PG-13,141.0,2023,English
INU-OH,Fantasy,0.91,57.0,0.88,50.0,PG-13,97.0,2021,Japanese
Parasite,Comedy,0.99,483.0,0.9,5000.0,R,132.0,2019,Korean
Heist 88,Crime,0.33,6.0,0.43,50.0,Not Rated,84.0,2023,English
Back to the Future,Comedy,0.93,110.0,0.94,250000.0,PG,116.0,1985,English
Troy,Adventure,0.53,228.0,0.73,250000.0,R,162.0,2004,English
Knives Out,Mystery & thriller,0.97,475.0,0.92,25000.0,PG-13,130.0,2019,English
How It Ends,Sci-fi,0.17,18.0,0.17,1000.0,TVMA,113.0,2018,English
Sound of Freedom,Crime,0.57,82.0,0.99,10000.0,PG-13,131.0,2022,English
Mudbound,History,0.97,203.0,0.85,5000.0,R,134.0,2017,English
This Is Spinal Tap,Comedy,0.96,67.0,0.92,100000.0,R,82.0,1984,English
Downsizing,Comedy,0.47,300.0,0.25,10000.0,R,135.0,2017,English
Logan Lucky,Comedy,0.92,290.0,0.76,25000.0,PG-13,119.0,2017,English
Fantastic Beasts: The Secrets of Dumbledore,Fantasy,0.46,247.0,0.83,2500.0,PG-13,142.0,2022,English (United Kingdom)
Beautiful Boy,Biography,0.68,265.0,0.78,2500.0,R,112.0,2018,English
The Mean One,Holiday,0.17,23.0,0.49,25.0,Not Rated,93.0,2022,English
Maybe I Do,Comedy,0.34,47.0,0.61,100.0,PG-13,95.0,2023,English
Spider-Man: Across the Spider-Verse,Kids & family,0.95,379.0,0.94,10000.0,PG,140.0,2023,English
Selma,History,0.99,315.0,0.86,50000.0,PG-13,128.0,2014,English
Cinderella Man,Biography,0.8,211.0,0.91,250000.0,PG-13,144.0,2005,English
Kung Fu Panda 3,Kids & family,0.87,179.0,0.79,100000.0,PG,95.0,2016,English
The Big Lebowski,Comedy,0.8,191.0,0.93,250000.0,R,117.0,1998,English
Due Justice,Action,,3.0,,25.0,R,97.0,2023,English
Vengeance,Comedy,0.81,161.0,0.86,250.0,R,107.0,2022,English
Krisha,Holiday,0.95,79.0,0.77,1000.0,R,83.0,2015,English
Porco Rosso,Fantasy,0.96,23.0,0.87,5000.0,PG,90.0,1992,Japanese
No Time to Die,Action,0.83,432.0,0.88,10000.0,PG-13,163.0,2021,English
Black Panther: Wakanda Forever,Action,0.83,447.0,0.94,10000.0,PG-13,161.0,2022,English
Guardians of the Galaxy Vol. 2,Sci-fi,0.85,425.0,0.87,100000.0,PG-13,135.0,2017,English
A Very Harold & Kumar Christmas,Holiday,0.68,129.0,0.59,25000.0,R,90.0,2011,English
Seriously Red,Comedy,0.52,44.0,0.53,25.0,R,104.0,2021,English
Shin Godzilla,Sci-fi,0.86,73.0,0.75,5000.0,Not Rated,120.0,2016,Japanese
Krampus,Holiday,0.66,132.0,0.52,10000.0,PG-13,98.0,2015,English
The Bridge on the River Kwai,War,0.96,105.0,0.93,50000.0,PG,161.0,1957,English (United Kingdom)
Little Women,Drama,0.95,443.0,0.92,10000.0,PG,135.0,2019,English
Love Actually,Holiday,0.64,225.0,0.72,250000.0,R,135.0,2003,English (United Kingdom)
Sex and the Future,Comedy,,0.0,0.38,,Not Rated,80.0,2020,English
Love the Coopers,Holiday,0.18,120.0,0.36,10000.0,PG-13,107.0,2015,English
Dead Man's Hand,Western,0.0,5.0,0.29,25.0,R,96.0,2023,English
American Nightmare: Becoming Cody Rhodes,Documentary,,1.0,0.97,25.0,Not Rated,118.0,2023,English
Cypher,Documentary,0.83,12.0,,,R,81.0,2022,English
Air,Drama,0.93,331.0,0.98,2500.0,R,112.0,2023,English
Mary Queen of Scots,Biography,0.62,296.0,0.41,2500.0,R,124.0,2018,English (United Kingdom)
House of Gucci,Drama,0.61,370.0,0.83,2500.0,R,157.0,2021,English
Beautiful Disaster,Romance,0.29,7.0,0.54,500.0,R,96.0,2023,English
The Gentlemen,Crime,0.75,279.0,0.84,5000.0,R,113.0,2020,English
Luck,Kids & family,0.48,98.0,0.67,500.0,G,105.0,2022,English
Sylvie's Love,Romance,0.93,127.0,0.76,250.0,PG-13,114.0,2020,English
Amy,Documentary,0.95,226.0,0.87,10000.0,R,128.0,2015,English
Pretty Guardian Sailor Moon Eternal The Movie,Fantasy,1.0,11.0,0.9,100.0,Not Rated,80.0,2021,Japanese
The Duel,Western,0.28,18.0,0.31,1000.0,R,116.0,2016,English
Billie Eilish: The World's a Little Blurry,Documentary,0.96,100.0,0.95,500.0,R,141.0,2021,English
Ambush,War,0.25,12.0,0.47,50.0,R,104.0,2023,English
Monsters University,Kids & family,0.8,203.0,0.81,250000.0,G,102.0,2013,English
The Greatest Showman,Musical,0.56,266.0,0.86,25000.0,PG,105.0,2017,English
Lilo & Stitch,Kids & family,0.87,151.0,0.77,250000.0,PG,85.0,2002,English
I Believe in Santa,Holiday,,3.0,0.26,50.0,PG,89.0,2022,English
Halloween,Holiday,0.79,389.0,0.72,10000.0,R,106.0,2018,English
The Magnificent Seven,Western,0.64,318.0,0.71,25000.0,PG-13,128.0,2016,English
Bokeh,Sci-fi,0.45,22.0,0.24,500.0,Not Rated,92.0,2017,English
Pet Sematary: Bloodlines,Horror,0.23,57.0,0.45,250.0,R,87.0,2023,English
KonoSuba - God's Blessing on This Wonderful World!: Legend of Crimson,Adventure,,1.0,0.93,25.0,Not Rated,90.0,2019,Japanese
The Gravity,Sci-fi,1.0,5.0,0.6,25.0,Not Rated,86.0,2023,French (France)
The Hateful Eight,Western,0.75,336.0,0.77,50000.0,R,168.0,2015,English
The Fighter,Drama,0.91,256.0,0.89,100000.0,R,116.0,2010,English
The Infiltrator,Crime,0.71,181.0,0.71,10000.0,R,127.0,2016,English
Rio,Kids & family,0.72,152.0,0.71,50000.0,G,96.0,2011,English
The Machine,Comedy,0.32,25.0,0.87,500.0,R,112.0,2023,English
A Christmas Horror Story,Holiday,0.83,23.0,0.48,500.0,Not Rated,99.0,2015,English
Klaus,Kids & family,0.95,78.0,0.96,2500.0,PG,98.0,2019,English
The Green Knight,Fantasy,0.89,332.0,0.5,1000.0,R,125.0,2021,English
American Underdog,Biography,0.76,70.0,0.98,2500.0,PG,112.0,2021,English
Fighting With My Family,Comedy,0.93,246.0,0.86,5000.0,PG-13,107.0,2019,English
Fingernails,Drama,0.6,131.0,0.45,100.0,R,113.0,2023,English
Lone Survivor,War,0.75,227.0,0.87,100000.0,R,121.0,2013,English
Foe,Sci-fi,0.24,100.0,0.7,50.0,R,110.0,2023,English
The Lincoln Lawyer,Crime,0.84,177.0,0.82,50000.0,R,119.0,2011,English
Boy Erased,Biography,0.81,267.0,0.74,2500.0,R,115.0,2018,English
Operation Mincemeat,War,0.83,115.0,0.66,500.0,PG-13,128.0,2021,English (United Kingdom)
Minions: The Rise of Gru,Kids & family,0.69,183.0,0.89,10000.0,PG,87.0,2022,English
Love Again,Romance,0.27,45.0,0.91,250.0,PG-13,104.0,2023,English
Moana,Kids & family,0.95,288.0,0.89,50000.0,PG,113.0,2016,English
The Many Saints of Newark,Crime,0.71,227.0,0.59,500.0,R,120.0,2021,English
Ready or Not,Horror,0.89,321.0,0.78,5000.0,R,95.0,2019,English
The Polka King,Biography,0.67,36.0,0.5,250.0,Not Rated,95.0,2017,English
"Mission: Impossible - Dead Reckoning, Part One",Action,0.96,424.0,0.94,5000.0,PG-13,163.0,2023,English
White Noise,Comedy,0.64,258.0,0.32,1000.0,R,136.0,2022,English
Master and Commander: The Far Side of the World,Adventure,0.85,224.0,0.8,100000.0,PG-13,139.0,2003,English
Teen Spirit,Drama,0.71,133.0,0.56,250.0,PG-13,92.0,2018,English
Meet Me in Paris,Romance,,1.0,0.88,25.0,Not Rated,90.0,2023,English
Moonrise Kingdom,Comedy,0.93,270.0,0.86,100000.0,PG-13,94.0,2012,English
Sniper: The White Raven,War,0.75,20.0,0.7,50.0,R,111.0,2022,Ukrainian
The Dark Knight,Action,0.94,346.0,0.94,250000.0,PG-13,152.0,2008,English
Friends With Benefits,Romance,0.69,171.0,0.65,50000.0,R,109.0,2011,English
The Forty-Year-Old Version,Comedy,0.99,136.0,0.72,250.0,R,123.0,2020,English
Shooting Stars,Biography,0.54,35.0,0.69,100.0,PG-13,115.0,2023,English
Black Hawk Down,War,0.77,175.0,0.88,250000.0,R,144.0,2001,English
Resistance: 1942,War,,4.0,0.9,50.0,Not Rated,110.0,2021,English
The Theory of Everything,Biography,0.8,273.0,0.84,50000.0,PG-13,123.0,2014,English
Please Don't Destroy: The Treasure of Foggy Mountain,Comedy,0.44,27.0,0.95,1000.0,R,92.0,2023,English
Lez Bomb,Holiday,0.89,9.0,0.64,100.0,Not Rated,89.0,2018,English
Black Christmas,Holiday,0.4,116.0,0.31,1000.0,PG-13,92.0,2019,English
Cars,Kids & family,0.75,204.0,0.8,250000.0,G,117.0,2006,English
The Jester,Horror,0.29,7.0,0.35,50.0,Not Rated,90.0,2023,English
The Trial of the Chicago 7,History,0.89,343.0,0.9,2500.0,R,129.0,2020,English
Cold Pursuit,Action,0.68,189.0,0.49,2500.0,R,118.0,2019,English
"Ruby Gillman, Teenage Kraken",Kids & family,0.66,97.0,0.81,250.0,PG,91.0,2023,English
The Last Voyage of the Demeter,Horror,0.49,190.0,0.75,500.0,R,118.0,2023,English
The Endless,Horror,0.92,132.0,0.67,2500.0,Not Rated,111.0,2017,English
The Wailing,Mystery & thriller,0.99,86.0,0.81,5000.0,Not Rated,156.0,2016,Korean
Cars 3,Kids & family,0.69,234.0,0.69,25000.0,G,109.0,2017,English
The Banshees of Inisherin,Comedy,0.96,365.0,0.75,500.0,R,109.0,2022,English
Hearts Beat Loud,Comedy,0.92,159.0,0.74,1000.0,PG-13,97.0,2018,English
The Maestro,Biography,0.83,6.0,0.9,25.0,Not Rated,94.0,2018,English
A Call to Spy,History,0.71,51.0,0.77,100.0,PG-13,124.0,2019,English
The Sparks Brothers,Documentary,0.96,163.0,0.98,100.0,R,141.0,2021,English
Lamborghini: The Man Behind the Legend,Biography,0.06,17.0,0.59,250.0,R,97.0,2022,English
The Patriot,War,0.62,138.0,0.81,250000.0,R,158.0,2000,English
A Christmas Prince,Holiday,0.73,11.0,0.48,250.0,TVPG,92.0,2017,English
The Marsh King's Daughter,Mystery & thriller,0.38,37.0,0.74,50.0,R,108.0,2023,English
Mosul,Mystery & thriller,0.84,32.0,0.83,250.0,Not Rated,86.0,2019,English
Everybody's Everything,Documentary,1.0,21.0,0.99,100.0,Not Rated,116.0,2019,English
See You on Venus,Romance,,2.0,0.82,25.0,Not Rated,94.0,2023,English
The Super Mario Bros. Movie,Kids & family,0.59,277.0,0.95,10000.0,PG,92.0,2023,English
Fatman,Holiday,0.44,119.0,0.84,25.0,R,100.0,2020,English
Mary,Horror,0.04,27.0,0.18,50.0,R,84.0,2019,English
War of the Worlds,Sci-fi,0.76,267.0,0.42,250000.0,PG-13,116.0,2005,English
The Lost Weekend: A Love Story,Documentary,0.88,16.0,0.91,50.0,Not Rated,97.0,2022,English
Jesus Revolution,Drama,0.55,56.0,0.99,5000.0,PG-13,119.0,2023,English
A Very Murray Christmas,Holiday,0.68,50.0,0.38,1000.0,Not Rated,56.0,2015,English
The Great Battle,Action,0.86,7.0,0.85,100.0,Not Rated,135.0,2018,Korean
Guardians of the Galaxy Vol. 3,Sci-fi,0.82,401.0,0.94,10000.0,PG-13,150.0,2023,English
The Mitchells vs. the Machines,Kids & family,0.97,213.0,0.89,2500.0,PG,114.0,2021,English
Land of Mine,War,0.92,107.0,0.89,5000.0,R,100.0,2015,German
Kung Fu Panda 2,Kids & family,0.81,186.0,0.74,100000.0,PG,90.0,2011,English
The Star,Kids & family,0.43,53.0,0.7,2500.0,PG,86.0,2017,English
Black Adam,Action,0.38,304.0,0.88,5000.0,PG-13,125.0,2022,English
Scrapper,Comedy,0.93,106.0,0.82,50.0,Not Rated,84.0,2023,English
The Ice Storm,Drama,0.86,70.0,0.82,25000.0,R,113.0,1997,English
A Private War,Biography,0.88,147.0,0.62,1000.0,R,110.0,2018,English
Good Night Oppy,Documentary,0.87,92.0,1.0,25.0,PG,105.0,2022,English
The Adventures of Tintin,Kids & family,0.75,236.0,0.74,50000.0,PG,107.0,2011,English
Iron Man 2,Action,0.72,304.0,0.71,250000.0,PG-13,124.0,2010,English
The Santa Clause,Kids & family,0.73,59.0,0.65,250000.0,PG,97.0,1994,English
Saturday Night Fever,Drama,0.82,55.0,0.72,100000.0,R,119.0,1977,English
The Secret World of Arrietty,Kids & family,0.94,152.0,0.85,10000.0,G,95.0,2010,Japanese
Skin: A History of Nudity in the Movies,Documentary,0.85,40.0,0.71,25.0,Not Rated,130.0,2020,English
Blinded by the Light,Comedy,0.89,263.0,0.91,2500.0,PG-13,114.0,2019,English
Molly's Game,Biography,0.82,310.0,0.84,10000.0,R,141.0,2017,English
High Life,Sci-fi,0.82,238.0,0.42,1000.0,R,113.0,2018,English
The Untouchables,Crime,0.83,75.0,0.89,100000.0,R,119.0,1987,English
The Lodge,Horror,0.75,183.0,0.51,250.0,R,108.0,2019,English
Alien: Covenant,Sci-fi,0.65,409.0,0.55,50000.0,R,122.0,2017,English
Talk to Me,Horror,0.94,285.0,0.82,1000.0,R,95.0,2023,English
Milli Vanilli,Documentary,1.0,25.0,0.9,50.0,Not Rated,106.0,2023,English
Eye in the Sky,Mystery & thriller,0.95,222.0,0.82,25000.0,R,102.0,2015,English
The Kid,Western,0.44,48.0,0.46,250.0,R,100.0,2019,English
News of the World,Western,0.88,273.0,0.89,1000.0,PG-13,118.0,2020,English
Magic Mike's Last Dance,Comedy,0.48,227.0,0.73,1000.0,R,112.0,2023,English
Midnight in the Switchgrass,Mystery & thriller,0.08,38.0,0.2,25.0,R,99.0,2021,English
Ride Your Wave,Comedy,0.93,29.0,0.82,50.0,Not Rated,94.0,2019,Japanese
Locked In,Crime,0.29,7.0,0.24,50.0,Not Rated,96.0,2023,English
Murder Mystery,Comedy,0.44,70.0,0.45,1000.0,PG-13,97.0,2019,English
Evil Dead Rise,Horror,0.84,232.0,0.76,2500.0,R,96.0,2023,English
Fantastic Four,Action,0.09,263.0,0.18,100000.0,PG-13,100.0,2015,English
The Guardians of the Galaxy Holiday Special,Action,0.94,62.0,0.8,1000.0,Not Rated,44.0,2022,English
Luca,Kids & family,0.91,304.0,0.85,2500.0,PG,100.0,2021,English
One Piece: Stampede,Fantasy,0.94,16.0,0.99,500.0,Not Rated,100.0,2019,Japanese
57 Seconds,Action,0.13,8.0,0.54,50.0,R,99.0,2023,English
A Secret Love,Documentary,1.0,55.0,0.88,100.0,Not Rated,83.0,2020,English
Godzilla: King of the Monsters,Sci-fi,0.42,353.0,0.83,25000.0,PG-13,132.0,2019,English
Rango,Kids & family,0.88,228.0,0.7,100000.0,PG,105.0,2011,English
Free State of Jones,History,0.47,194.0,0.64,10000.0,R,139.0,2016,English
The Shape of Water,Fantasy,0.92,465.0,0.72,25000.0,R,123.0,2017,English
The King,History,0.71,148.0,0.83,2500.0,R,140.0,2019,English
Fred Claus,Holiday,0.21,143.0,0.45,250000.0,PG,116.0,2007,English
Rye Lane,Romance,0.98,128.0,0.87,250.0,R,82.0,2023,English
Bad Santa 2,Holiday,0.23,135.0,0.34,10000.0,R,92.0,2016,English
Gaza,Documentary,0.96,23.0,0.85,25.0,Not Rated,90.0,2019,Arabic
She Came to Me,Comedy,0.47,64.0,0.77,100.0,R,102.0,2023,English
Jingle All the Way,Kids & family,0.2,46.0,0.39,100000.0,PG,88.0,1996,English
Lightyear,Kids & family,0.74,319.0,0.84,5000.0,PG,100.0,2022,English
A Quiet Place Part II,Horror,0.91,369.0,0.92,5000.0,PG-13,97.0,2021,English
Brimstone,Western,0.43,76.0,0.53,1000.0,R,148.0,2016,English
Best. Christmas. Ever!,Holiday,0.38,16.0,0.21,100.0,Not Rated,80.0,2023,English
Born to Play,Documentary,1.0,6.0,,,Not Rated,92.0,2020,English
Demon Slayer -Kimetsu no Yaiba- The Movie: Mugen Train,Fantasy,0.98,49.0,0.99,10000.0,R,117.0,2020,Japanese
The Return of Tanya Tucker: Featuring Brandi Carlile,Documentary,0.92,49.0,0.96,25.0,R,108.0,2022,English
Space Jam: A New Legacy,Kids & family,0.25,229.0,0.79,1000.0,PG,115.0,2021,English
Pel√©,Documentary,0.84,31.0,0.75,50.0,Not Rated,109.0,2021,English
Megamind,Kids & family,0.73,182.0,0.72,100000.0,PG,96.0,2010,English
Rocketman,Musical,0.89,401.0,0.88,10000.0,R,121.0,2019,English
The Irishman,Crime,0.95,468.0,0.86,1000.0,R,209.0,2019,English
Nightmare Alley,Mystery & thriller,0.8,355.0,0.68,1000.0,R,150.0,2021,English
Clouds,Biography,0.76,25.0,0.88,250.0,PG-13,121.0,2020,English
BS High,Documentary,1.0,14.0,0.89,25.0,Not Rated,95.0,2023,English
Don't Worry Darling,Mystery & thriller,0.38,352.0,0.74,1000.0,R,123.0,2022,English
Hook,Kids & family,0.29,65.0,0.76,250000.0,PG,144.0,1991,English
The Caine Mutiny Court-Martial,Drama,0.94,49.0,0.83,25.0,Not Rated,108.0,2023,English
65,Sci-fi,0.34,124.0,0.65,1000.0,PG-13,93.0,2023,English
Crock of Gold: A Few Rounds With Shane MacGowan,Documentary,0.96,55.0,0.92,50.0,Not Rated,124.0,2020,English
Allied,History,0.6,259.0,0.64,25000.0,R,119.0,2016,English
True Grit,Western,0.95,279.0,0.85,100000.0,PG-13,110.0,2010,English
White Boy Rick,Crime,0.57,159.0,0.5,1000.0,R,111.0,2018,English
Ocean Waves,Adventure,0.89,18.0,0.64,1000.0,PG-13,72.0,1993,Japanese
Leo,Kids & family,0.78,50.0,0.95,500.0,PG,105.0,2023,English
Influencer,Horror,0.92,51.0,0.71,250.0,Not Rated,92.0,2023,English
The Nun II,Horror,0.52,137.0,0.73,1000.0,R,110.0,2023,English
Iron Man,Action,0.94,281.0,0.91,250000.0,PG-13,126.0,2008,English
Shadow in the Cloud,Action,0.77,133.0,0.32,1000.0,R,83.0,2020,English
Life,Sci-fi,0.68,261.0,0.54,25000.0,R,103.0,2017,English
The Wind,Horror,0.81,70.0,0.49,250.0,R,86.0,2018,English
Eternals,Action,0.47,413.0,0.77,10000.0,PG-13,157.0,2021,English
Scream VI,Holiday,0.76,309.0,0.91,5000.0,R,123.0,2023,English
Thor,Action,0.77,296.0,0.76,250000.0,PG-13,113.0,2011,English
Love at First Sight,Romance,0.73,48.0,0.81,250.0,PG-13,90.0,2023,English
Three Thousand Years of Longing,Fantasy,0.71,258.0,0.73,500.0,R,108.0,2022,English
Monster Inside: America's Most Extreme Haunted House,Documentary,,1.0,0.78,100.0,Not Rated,,2023,English
Dungeons & Dragons: Honor Among Thieves,Fantasy,0.91,312.0,0.93,2500.0,PG-13,134.0,2023,English
Stand,Documentary,,2.0,0.96,25.0,TVMA,107.0,2023,English
No Sudden Move,Crime,0.92,142.0,0.58,500.0,R,115.0,2021,English
Fin,Adventure,0.82,11.0,0.89,25.0,Not Rated,90.0,2021,English
Flamin' Hot,Comedy,0.69,127.0,0.89,1000.0,PG-13,129.0,2023,English
Knights of the Zodiac,Fantasy,0.21,24.0,0.61,100.0,PG-13,112.0,2023,English
National Lampoon's Christmas Vacation,Holiday,0.7,54.0,0.86,100000.0,PG-13,97.0,1989,English
La La Land,Musical,0.91,471.0,0.81,50000.0,PG-13,128.0,2016,English
Your Name,Fantasy,,1.0,0.97,100.0,PG,106.0,2016,Japanese
Children of the Sea,Adventure,0.62,29.0,0.61,50.0,Not Rated,110.0,2019,Japanese
Mulan,Kids & family,0.86,86.0,0.85,250000.0,G,88.0,1998,English
Wonder Woman 1984,Action,0.58,451.0,0.73,2500.0,PG-13,151.0,2020,English
Journey's End,War,0.91,103.0,0.72,1000.0,R,107.0,2017,English (United Kingdom)
Pieces of April,Comedy,0.84,154.0,0.73,25000.0,PG-13,81.0,2003,English
The Killer,Mystery & thriller,0.85,250.0,0.6,1000.0,R,118.0,2023,English
Miss Hokusai,Biography,0.93,58.0,0.7,100.0,PG-13,93.0,2015,Japanese
76 Days,Documentary,1.0,100.0,0.84,50.0,Not Rated,93.0,2020,Chinese
BlacKkKlansman,Comedy,0.96,449.0,0.83,10000.0,R,134.0,2018,English
Worth,Drama,0.82,99.0,0.76,250.0,PG-13,118.0,2020,English
The Little Things,Mystery & thriller,0.45,266.0,0.67,1000.0,R,127.0,2021,English
Vox Lux,Drama,0.62,254.0,0.37,1000.0,R,110.0,2018,English
Blood & Gold,Action,0.85,13.0,0.67,250.0,Not Rated,100.0,2023,German
Boys State,Documentary,0.95,149.0,0.91,100.0,PG-13,109.0,2020,English
The Maze Runner,Sci-fi,0.65,173.0,0.68,50000.0,PG-13,113.0,2014,English
Jurassic World Dominion,Action,0.29,403.0,0.77,10000.0,PG-13,147.0,2022,English
Dolemite Is My Name,Biography,0.97,236.0,0.91,100.0,R,118.0,2019,English
Blade Runner 2049,Sci-fi,0.88,444.0,0.88,25000.0,R,164.0,2017,English
First Cow,Western,0.96,221.0,0.65,500.0,PG-13,122.0,2019,English
Devotion,War,0.81,123.0,0.92,1000.0,PG-13,139.0,2022,English
Raya and the Last Dragon,Kids & family,0.93,303.0,0.97,2500.0,PG,108.0,2021,English
Everything Everywhere All at Once,Comedy,0.94,403.0,0.86,5000.0,R,132.0,2022,English
Mister Organ,Documentary,0.95,43.0,1.0,25.0,Not Rated,96.0,2022,English (Australia)
Bullet Train,Action,0.54,340.0,0.76,5000.0,R,126.0,2022,English
Enola Holmes 2,Mystery & thriller,0.93,104.0,0.79,1000.0,PG-13,129.0,2022,English
The Last Kingdom: Seven Kings Must Die,Action,0.82,17.0,0.71,500.0,Not Rated,120.0,2023,English (United Kingdom)
Satanic Hispanics,Horror,0.91,33.0,0.44,25.0,R,105.0,2022,English
The Pale Blue Eye,Mystery & thriller,0.63,189.0,0.69,1000.0,R,130.0,2022,English
Love & Other Drugs,Drama,0.49,170.0,0.53,50000.0,R,112.0,2010,English
Gladiator,History,0.8,257.0,0.87,250000.0,R,154.0,2000,English
The Good Mother,Mystery & thriller,0.21,52.0,0.35,25.0,R,89.0,2023,English
Transformers: Rise of the Beasts,Action,0.52,231.0,0.91,5000.0,PG-13,127.0,2023,English
"The Hunger Games: Mockingjay, Part 1",Sci-fi,0.7,306.0,0.71,100000.0,PG-13,123.0,2014,English
Fifty Shades of Grey,Romance,0.25,281.0,0.41,50000.0,R,125.0,2015,English
Single All the Way,Holiday,0.68,28.0,0.67,250.0,Not Rated,99.0,2021,English
Maxine's Baby: The Tyler Perry Story,Biography,0.88,8.0,0.93,25.0,PG-13,115.0,2023,English
A Christmas Story,Kids & family,0.89,61.0,0.89,250000.0,PG,93.0,1983,English
Homecoming: A Film by Beyonc√©,Documentary,0.98,57.0,0.87,1000.0,Not Rated,137.0,2019,English
Toy Story 4,Kids & family,0.97,460.0,0.94,50000.0,G,100.0,2019,English
Men,Horror,0.69,266.0,0.4,250.0,R,100.0,2022,English
The Pope's Exorcist,Horror,0.49,100.0,0.81,500.0,R,103.0,2023,English
Avengers: Endgame,Action,0.94,557.0,0.9,50000.0,PG-13,181.0,2019,English
Brooklyn 45,History,0.9,70.0,0.45,50.0,Not Rated,92.0,2023,English
12 Strong,War,0.5,173.0,0.62,5000.0,R,130.0,2018,English
Bank of Dave,Comedy,0.85,33.0,0.89,25.0,PG-13,107.0,2023,English (United Kingdom)
Silence,History,0.83,289.0,0.7,25000.0,R,161.0,2016,English
Strange World,Kids & family,0.72,168.0,0.66,500.0,PG,105.0,2022,English
Shrek 2,Kids & family,0.89,239.0,0.69,250000.0,PG,92.0,2004,English
M*A*S*H,Comedy,0.84,58.0,0.83,50000.0,R,116.0,1970,English
Sing,Kids & family,0.71,189.0,0.73,25000.0,PG,108.0,2016,English
The Lord of the Rings: The Fellowship of the Ring,Fantasy,0.91,235.0,0.95,250000.0,PG-13,178.0,2001,English
Bad Axe,Documentary,0.96,48.0,1.0,50.0,Not Rated,102.0,2022,English
Black Widow,Action,0.79,457.0,0.91,10000.0,PG-13,133.0,2021,English
Aftersun,Drama,0.96,241.0,0.81,1000.0,R,101.0,2022,English (United Kingdom)
Lion,Drama,0.84,269.0,0.91,25000.0,PG-13,121.0,2016,English
Almost Famous,Comedy,0.89,177.0,0.92,250000.0,R,122.0,2000,English
Terminator 2: Judgment Day,Sci-fi,0.91,87.0,0.95,250000.0,R,136.0,1991,English
The House That Rob Built,Documentary,0.88,8.0,,25.0,Not Rated,59.0,2020,English
Hot Girls Wanted,Documentary,0.83,12.0,0.54,1000.0,Not Rated,84.0,2015,English
The Nutcracker and the Four Realms,Kids & family,0.32,205.0,0.34,1000.0,PG,99.0,2018,English
Black Clover: Sword of the Wizard King,Fantasy,0.86,7.0,0.96,1000.0,Not Rated,110.0,2023,Japanese
King Richard,Biography,0.9,299.0,0.98,1000.0,PG-13,146.0,2021,English
Godzilla,Sci-fi,0.76,330.0,0.66,100000.0,PG-13,123.0,2014,English
Bama Rush,Documentary,0.89,9.0,0.13,250.0,Not Rated,101.0,2023,English
Almost Christmas,Holiday,0.49,69.0,0.64,5000.0,PG-13,112.0,2016,English
Flags of Our Fathers,War,0.76,240.0,0.69,250000.0,R,132.0,2006,English
Mr. & Mrs. Smith,Action,0.6,212.0,0.58,250000.0,PG-13,120.0,2005,English
The Harder They Fall,Western,0.88,198.0,0.93,50.0,R,137.0,2021,English
Uncut Gems,Mystery & thriller,0.91,350.0,0.52,10000.0,R,135.0,2019,English
Shane,Western,0.97,37.0,0.81,10000.0,Not Rated,118.0,1953,English
Take Care of Maya,Documentary,0.92,13.0,0.95,250.0,Not Rated,103.0,2023,English
Ponyo,Adventure,0.91,174.0,0.83,50000.0,G,100.0,2008,Japanese
Queen of Katwe,Biography,0.94,189.0,0.86,5000.0,PG,124.0,2016,English
Toy Story 2,Kids & family,1.0,172.0,0.87,250000.0,G,92.0,1999,English
Pok√©mon the Movie: Mewtwo Strikes Back Evolution,Kids & family,0.44,9.0,0.47,100.0,Not Rated,98.0,2019,Japanese
Vesper,Sci-fi,0.91,67.0,0.59,250.0,Not Rated,114.0,2022,English
Dashing Through the Snow,Kids & family,0.42,12.0,0.75,50.0,PG,90.0,2023,English
Brooklyn,Romance,0.97,279.0,0.87,25000.0,PG-13,112.0,2015,English (United Kingdom)
Pain Hustlers,Crime,0.23,108.0,0.67,250.0,R,122.0,2023,English
Mary Poppins,Kids & family,0.96,56.0,0.86,250000.0,G,140.0,1964,English
The Prom,Musical,0.54,213.0,0.62,1000.0,PG-13,131.0,2020,English
Dicks: The Musical,Musical,0.68,95.0,0.67,50.0,R,86.0,2023,English
My Fair Lady,Musical,0.95,91.0,0.9,100000.0,G,170.0,1964,English
Disenchanted,Kids & family,0.38,101.0,0.51,500.0,PG,121.0,2022,English
Chicago,Musical,0.86,263.0,0.83,250000.0,PG-13,113.0,2002,English
Footloose,Comedy,0.68,173.0,0.61,50000.0,PG-13,113.0,2011,English
Roald Dahl's Matilda the Musical,Kids & family,0.93,94.0,0.73,1000.0,PG,117.0,2022,English
Eurovision Song Contest: The Story of Fire Saga,Musical,0.63,183.0,0.77,2500.0,PG-13,120.0,2020,English
Funny Girl,Musical,0.94,48.0,0.85,10000.0,G,151.0,1968,English
Pitch Perfect 3,Musical,0.28,151.0,0.43,10000.0,PG-13,94.0,2017,English
Dreamgirls,Musical,0.79,207.0,0.71,250000.0,PG-13,131.0,2006,English
Status Update,Comedy,0.0,5.0,0.49,250.0,PG-13,106.0,2018,English
Zombies 3,Adventure,0.75,8.0,0.6,100.0,Not Rated,91.0,2022,English
Music,Musical,0.07,57.0,0.14,1000.0,PG-13,107.0,2021,English
Dear Evan Hansen,Musical,0.29,280.0,0.88,1000.0,PG-13,137.0,2021,English
Aladdin,Kids & family,0.95,79.0,0.92,250000.0,G,90.0,1992,English
Monster High: The Movie,Kids & family,0.83,6.0,0.49,500.0,Not Rated,80.0,2022,Zulu
Monster High 2,Musical,,4.0,0.72,50.0,Not Rated,90.0,2023,English
Mamma Mia! Here We Go Again,Musical,0.79,278.0,0.66,5000.0,PG-13,114.0,2018,English
Vivo,Kids & family,0.86,106.0,0.72,250.0,PG,98.0,2021,English
Praise This,Musical,0.5,10.0,0.84,100.0,Not Rated,110.0,2023,English
Annie,Kids & family,0.29,161.0,0.59,50000.0,PG,118.0,2014,English
Into the Woods,Musical,0.71,225.0,0.49,50000.0,PG,124.0,2014,English
Neptune Frost,Musical,0.97,86.0,0.71,25.0,Not Rated,105.0,2021,Swahili
Grease,Musical,0.78,77.0,0.87,250000.0,PG,110.0,1978,English
Gentlemen Prefer Blondes,Musical,0.88,88.0,0.83,25000.0,Not Rated,91.0,1953,English
Once,Romance,0.97,160.0,0.91,100000.0,R,86.0,2007,English
Cinderella,Musical,0.42,136.0,0.58,2500.0,PG,113.0,2021,English
Nashville,Comedy,0.91,75.0,0.84,10000.0,R,157.0,1975,English
Dolly Parton's Christmas on the Square,Holiday,0.64,36.0,0.5,100.0,Not Rated,98.0,2020,English
Oliver!,Musical,0.9,78.0,0.81,50000.0,G,146.0,1968,English
Enchanted,Kids & family,0.93,193.0,0.8,250000.0,PG,108.0,2007,English
A Hard Day's Night,Musical,0.98,108.0,0.89,50000.0,G,83.0,1964,English
Cats,Musical,0.19,334.0,0.53,5000.0,PG,110.0,2019,English
Work It,Musical,0.85,27.0,0.76,250.0,Not Rated,93.0,2020,English
In the Heights,Musical,0.94,371.0,0.94,2500.0,PG-13,143.0,2021,English
Born to Dance,Musical,,4.0,0.51,500.0,Not Rated,105.0,1936,English
Mary Poppins Returns,Kids & family,0.79,380.0,0.64,5000.0,PG,130.0,2018,English
Moulin Rouge,Musical,0.75,259.0,0.89,250000.0,PG-13,126.0,2001,English
Carmen,Drama,0.61,96.0,0.67,50.0,R,116.0,2022,English (Australia)
Walk Hard: The Dewey Cox Story,Comedy,0.75,143.0,0.57,250000.0,R,96.0,2007,English
Over the Moon,Kids & family,0.82,103.0,0.69,500.0,PG,95.0,2020,English
Strange Magic,Kids & family,0.18,61.0,0.53,10000.0,PG,99.0,2015,English
Pitch Perfect 2,Musical,0.65,218.0,0.64,50000.0,PG-13,115.0,2015,English
Mamma Mia!,Musical,0.55,185.0,0.66,250000.0,PG-13,109.0,2008,English
Sweeney Todd: The Demon Barber of Fleet Street,Musical,0.86,233.0,0.81,250000.0,R,117.0,2007,English
Pootie Tang,Comedy,0.27,45.0,0.63,25000.0,PG-13,81.0,2001,English
UglyDolls,Kids & family,0.29,89.0,0.54,1000.0,PG,87.0,2019,English
Hamilton,Musical,0.98,202.0,0.89,1000.0,PG-13,160.0,2020,English
Singin' in the Rain,Musical,1.0,75.0,0.95,100000.0,G,102.0,1952,English
Tarzan,Kids & family,0.89,106.0,0.75,250000.0,G,88.0,1999,English
Cabaret,Musical,0.92,48.0,0.87,25000.0,PG,124.0,1972,English
The Rocky Horror Picture Show,Musical,0.79,48.0,0.85,250000.0,R,95.0,1975,English
